time,fin_stocks,faang_stocks
2017-10-20,0.01875964858679785,-0.00035148414423735735
2017-10-23,-0.0036065394364405423,-0.013178265519424049
2017-10-24,0.005027979143989059,0.008066800062644663
2017-10-25,0.00776219835690134,-0.004620942487327962
2017-10-26,0.011585071065751518,0.0026916292033587253
2017-10-27,0.010015711439096048,0.0549316895713627
2017-10-30,0.0056507385338090965,0.007176549628016838
2017-10-31,0.014630386924007893,0.0003171576770991228
2017-11-01,-0.0028003592397830845,0.003232923919801589
2017-11-02,-0.004381785677841643,-0.0028425749369322515
2017-11-03,0.012128199919919203,0.010393276809592678
2017-11-06,0.009409423161421016,0.003901040294767433
2017-11-07,-0.0039424721661967255,-0.00130279224996559
2017-11-08,0.0018167630030160864,0.0044267401383579095
2017-11-09,0.004401485728731086,-0.0060547349364941105
2017-11-10,0.007588471892780085,-0.005637836943521823
2017-11-13,0.004452367514519884,0.003003098260493387
2017-11-14,0.0016654841491502148,-0.0017796806709553974
2017-11-15,-0.004286288962533552,-0.009096446214615096
2017-11-16,0.027137220758552905,0.011794626486272898
2017-11-17,0.0046125188441122345,-0.007885693047406096
2017-11-20,0.005834937540301344,-0.00017550745357781676
2017-11-21,0.029808831114036927,0.014596952344212523
2017-11-22,-0.00016570086375783388,0.004311615461719653
2017-11-24,0.008472332661071447,0.007681985297904958
2017-11-27,-0.04131681613727681,0.003058094355170837
2017-11-28,0.013459888683321153,0.0003587303272645891
2017-11-29,-0.0519824738272234,-0.03351104306966344
2017-11-30,0.015409441662786905,0.006448657397179525
2017-12-01,-0.009809231121394285,-0.008346516108271551
2017-12-04,-0.04128844567251527,-0.01577825395343333
2017-12-05,0.011563888080621976,0.004477065627735266
2017-12-06,0.013735847391282419,0.008909519912098651
2017-12-07,0.016450874715530084,0.008395045091446883
2017-12-08,-0.00352188122525382,0.0034790956449836097
2017-12-11,0.003989784590774065,0.0031918072234428984
2017-12-12,0.004951447267010967,-0.00507484568389791
2017-12-13,-0.012350468180158197,0.004755007513383069
2017-12-14,0.006428050452609413,0.005094894049729338
2017-12-15,0.007405247051796404,0.0072398762033013325
2017-12-18,0.003668304504218095,0.008970612083767949
2017-12-19,-0.013864511486545494,-0.009083398593898395
2017-12-20,-0.010668375766413413,-0.002707622085464511
2017-12-21,0.0008514889685840854,-0.0008748389745832032
2017-12-22,-0.004458878401036065,-0.0003068801730425008
2017-12-26,0.0020561118912677534,-0.00794284852479883
2017-12-27,0.00839758970408555,-0.00020393680688224306
2017-12-28,-0.004517791345412636,0.007946389928359254
2017-12-29,-0.004952568373403049,-0.007541225962969999
2018-01-02,0.012400287418824485,0.0255957983638238
2018-01-03,0.023322000251894848,0.012868993895849635
2018-01-04,0.009229119825283794,0.0033546319773934746
2018-01-05,0.03690197301421333,0.014797531060833214
2018-01-08,0.0007993446738855103,0.006568854532328206
2018-01-09,0.0011109354943845406,-0.002038706931453849
2018-01-10,0.0004690976477114972,0.0025645623186192346
2018-01-11,0.01365375972757249,0.009366257005225444
2018-01-12,-0.0013701875395439322,0.004541067445505353
2018-01-16,-0.011125338913862748,-0.001780821471651706
2018-01-17,0.017663822851154143,-0.001285753337648399
2018-01-18,0.006663858939633949,0.004454519129244794
2018-01-19,0.01795143795393153,0.0023919327348921994
2018-01-22,0.02215104054624173,0.01799916685257044
2018-01-23,-0.0018399471966379088,0.031766683182018675
2018-01-24,-0.00557915122140798,0.0010081232982660723
2018-01-25,0.00995891489700601,0.008510939908556427
2018-01-26,0.012626331621859999,0.011036913627347912
2018-01-29,-0.011710533720845462,0.0012310754431655421
2018-01-30,-0.005756818220381182,-0.002591868973699829
2018-01-31,0.01670233695871387,-0.002666929474818147
2018-02-01,-0.02533853509171974,-0.006386260236189933
2018-02-02,-0.023562264202276834,-0.014433029723524938
2018-02-05,-0.039583468602756994,-0.03961381168486418
2018-02-06,0.02273661190631432,0.03381157020015229
2018-02-07,-0.0013805547684122565,-0.020199123731388057
2018-02-08,-0.047773100328534795,-0.0443863596777552
2018-02-09,0.021073408788448822,0.012117604590029663
2018-02-12,0.01270650988068528,0.024647013768813463
2018-02-13,0.015908549666485777,0.002175405286855936
2018-02-14,0.014647025890592719,0.025839047612445397
2018-02-15,0.024210004442329847,0.023171496945706107
2018-02-16,-0.00037135026837764595,-0.005971135497721946
2018-02-20,0.00040956319646803796,0.0018518028597874548
2018-02-21,-0.01390336142825177,0.006689880648432945
2018-02-22,0.009242754285598925,0.0007505841473704368
2018-02-23,0.01544656789810342,0.01919950706285425
2018-02-26,0.014745512315997411,0.017131316977716617
2018-02-27,-0.007972211472058344,-0.012945414849639913
2018-02-28,-0.0008307127794933145,-0.005440937751649667
2018-03-01,-0.011491251015557119,-0.01576913404691027
2018-03-02,0.003963535013844277,0.013193928994268456
2018-03-05,0.03215128690381169,0.019408772722898027
2018-03-06,-0.006573607435072154,0.008527440277325417
2018-03-07,0.010582411131899672,0.0035911736466147873
2018-03-08,0.009307582291077865,0.001555573576239744
2018-03-09,0.013951407245862801,0.024734193024270337
2018-03-12,0.0018627715699827685,-0.0012120041879901005
2018-03-13,-0.011945569495762809,-0.01416474898622342
2018-03-14,0.020554612358749808,0.006400621522714656
2018-03-15,0.001593495331007666,-0.0012139760894964715
2018-03-16,0.003377528942062946,-0.0054774162113397475
2018-03-19,-0.012310425786951879,-0.028859087324786325
2018-03-20,0.022389402125067015,0.001946668555480669
2018-03-21,-0.008041413146585658,-0.004594871632408903
2018-03-22,-0.03014651998128376,-0.026678301945264195
2018-03-23,-0.03384647368055385,-0.026364092234304602
2018-03-26,0.032893674179306054,0.036690073832495035
2018-03-27,-0.033164727755142925,-0.043509959896357336
2018-03-28,-0.026283827864282294,-0.02087536395916381
2018-03-29,0.025172838315716317,0.025773060885864355
2018-04-02,-0.018609882453997417,-0.03183479923876971
2018-04-03,0.0012871917337673455,0.009551949420383865
2018-04-04,0.004180210193021006,0.010865289003470746
2018-04-05,0.015012457297067183,0.016867599167416047
2018-04-06,-0.037303020594027236,-0.02220920499152117
2018-04-09,0.008159557076342638,0.005916539624082651
2018-04-10,0.026078906522491063,0.026030498883211097
2018-04-11,-0.006420671461361355,0.0008869230578971269
2018-04-12,0.01932924545549236,0.00801188083539428
2018-04-13,-0.012133880849278939,0.0004095604729558389
2018-04-16,0.0003420189162145204,0.0023214109391525234
2018-04-17,0.02850682624355072,0.040967137268878774
2018-04-18,0.015295128485159293,-0.0016176224372216998
2018-04-19,-0.007304964946617254,0.0017574770377040139
2018-04-20,-0.001078057255554432,-0.019303151690828347
2018-04-23,-0.00885554435948574,-0.008632900333481519
2018-04-24,-0.04019207873459643,-0.034347314573233194
2018-04-25,-0.012851218102375633,0.0006380746490931785
2018-04-26,0.038712901761084606,0.03553186698913766
2018-04-27,-0.007147332999310446,0.0002694205615085606
2018-04-30,0.005582968813806599,-0.0010975083811224364
2018-05-01,0.008982234412861778,0.01375072478667634
2018-05-02,-0.0023014371295213,0.007195500298369462
2018-05-03,0.011457721130539056,-0.0029727349212399505
2018-05-04,0.005433463374687114,0.022310580096562883
2018-05-07,0.015687819376181966,0.01065227632186332
2018-05-08,0.017559163435062586,0.0014764821254245276
2018-05-09,0.010661602201578468,0.015198498614340129
2018-05-10,0.012269891029066282,0.00904001779012955
2018-05-11,0.0024797290805503858,-0.0030165175383120245
2018-05-14,-0.006105315569739894,0.0007634429999136883
2018-05-15,-0.0019130975957911411,-0.01287230792675216
2018-05-16,0.009178717350890764,0.003444441361105666
2018-05-17,-0.006768354887636607,-0.003991996995084101
2018-05-18,0.00508761371388064,-0.005567463508857263
2018-05-21,0.009728841990728598,0.01221318543535448
2018-05-22,-0.009014638578812378,-0.0032804021490808522
2018-05-23,0.007317636277705819,0.017091356781994672
2018-05-24,0.002272707245974198,0.001444998127617092
2018-05-25,-0.003039666470186747,0.0008824031644932174
2018-05-29,-0.0004625642826006915,-0.0032687663733790063
2018-05-30,0.011730776552595856,0.007092334953001412
2018-05-31,0.0008916001468892709,0.00762258517520511
2018-06-01,0.015878332508042936,0.018353215497845056
2018-06-04,0.018651101337577858,0.008063302437624077
2018-06-05,0.006030239013326666,0.006529588232425488
2018-06-06,0.014967172979090948,-0.00029550212981945825
2018-06-07,-0.02294110347748779,-0.010565257784507877
2018-06-08,0.010184904574103426,-0.0026200196627250267
2018-06-11,-0.0067162999272280255,0.005258818276045108
2018-06-12,0.014827886349182084,0.00556866437910859
2018-06-13,-0.0036613726078060793,0.007214529779650315
2018-06-14,0.007591236872428769,0.016687903526767613
2018-06-15,0.0019454803461877446,-0.004507992137674255
2018-06-18,0.012220203001441166,0.006674406081678042
2018-06-19,-0.008636942398532854,0.003959647513932696
2018-06-20,0.01439378173046707,0.013638994712022567
2018-06-21,-0.005272125296156643,-0.006956614019392449
2018-06-22,-0.005247465390463613,-0.0051482136821424
2018-06-25,-0.03921736900736711,-0.03149666638263007
2018-06-26,0.007806110271156019,0.015104918681954939
2018-06-27,-0.022037508028469238,-0.014397091065716872
2018-06-28,0.01995666206250085,0.011186441315512365
2018-06-29,0.002288763542873967,-0.006622238019832838
2018-07-02,0.009251475101221651,0.015236914392542865
2018-07-03,-0.011132520453501743,-0.019072789469121634
2018-07-05,0.020099981298341618,0.016960302243702596
2018-07-06,0.014640106393936259,0.016393002905063625
2018-07-09,0.006324292031265777,0.014855997216050288
2018-07-10,-0.0041066127790165274,-0.002635699853404394
2018-07-11,0.008239323421489808,-3.433757909157027e-05
2018-07-12,0.023576257152541802,0.015058938868249851
2018-07-13,-0.007494450619011106,-0.005463853958833576
2018-07-16,-0.00456174077144908,0.0015191995056277777
2018-07-17,0.012469788428230488,-0.002014861272078328
2018-07-18,0.0031591417153512824,-0.004365295785735146
2018-07-19,0.0012961378020069636,-0.010756834251814663
2018-07-20,0.002781790723743238,-0.0003212655052373671
2018-07-23,0.008993389575994853,0.0027022763871845214
2018-07-24,0.00012926083134484623,0.012807531383828842
2018-07-25,0.02247352851564266,0.01407327716373854
2018-07-26,-0.017028957998047406,-0.04305786018415206
2018-07-27,-0.026162636517645027,-0.013031580044885605
2018-07-30,-0.03787965113168723,-0.02461747816622666
2018-07-31,-0.0039014312744634905,0.003264922300729878
2018-08-01,0.019356243871130385,0.014121092060558671
2018-08-02,0.03030809824008801,0.020273762585122458
2018-08-03,-0.015404658583307695,-0.00045752620976213804
2018-08-06,0.01127909373962796,0.017262095442032124
2018-08-07,0.004317609910721054,0.001190268212154333
2018-08-08,0.0015941166876277946,0.0024402121184856186
2018-08-09,-0.004048039470188225,0.002279279144196167
2018-08-10,0.00213430588205199,-0.0096570617745535
2018-08-13,0.006860414842045581,-0.0009963092869617494
2018-08-14,0.013908901069653146,0.003785039057552054
2018-08-15,-0.022207720750003823,-0.01578890691592878
2018-08-16,0.007650586320288588,-0.005661052189695637
2018-08-17,0.0016076817719737901,-0.002646900997680346
2018-08-20,0.006666278779185936,0.00406674505914475
2018-08-21,0.0008498939478391865,0.005927930617961219
2018-08-22,0.009788192116706895,0.008212991827529725
2018-08-23,0.006390297789183597,-0.0039608051718988515
2018-08-24,0.01987139914067021,0.016961768715374293
2018-08-27,0.004521068260337047,0.013620730849242159
2018-08-28,0.010927996161221087,0.001330402625532745
2018-08-29,0.026092029522950477,0.012117268861471618
2018-08-30,0.0032856213117516964,0.004154483899189465
2018-08-31,0.0050588281298535875,-0.004242647720186965
2018-09-04,0.012686860402404299,-0.007424908445125645
2018-09-05,-0.03719203598677878,-0.02456756078073066
2018-09-06,0.008844978919092805,-0.011959200961797922
2018-09-07,-0.000502503542400834,-0.00131205010320119
2018-09-10,0.0033502143680222973,-0.0028953161343351574
2018-09-11,0.01709303762208253,0.01858674531548865
2018-09-12,0.000207736806291825,-0.0023129831348223545
2018-09-13,0.0042859897967224,0.004953373868545374
2018-09-14,-0.00100368444475063,-0.005985648763777096
2018-09-17,-0.021172206136880672,-0.024406220959436967
2018-09-18,0.01291154918917009,0.01460451926252213
2018-09-19,-0.012619052799543784,0.0028460563684683084
2018-09-20,0.015289523258820048,0.009080535004777257
2018-09-21,-0.0021503313743490293,-0.01459552944373437
2018-09-24,-0.00209025032655083,0.01398861767184414
2018-09-25,0.02980773971161821,0.007096214945568092
2018-09-26,-0.0025471357850040677,0.005677609501873616
2018-09-27,0.007512928178863981,0.013978370946753494
2018-09-28,-0.00019113044270541169,-0.008900621621118111
2018-10-01,-0.00263180069467997,0.002989077252664685
2018-10-02,-0.004447535396213009,-0.0075790983415896076
2018-10-03,-0.00047593605844170606,0.005024171975143088
2018-10-04,-0.026748267172014145,-0.025352183706721633
2018-10-05,-0.010173851127742883,-0.015556922044643274
2018-10-08,-0.04107253719081924,-0.006619629845125275
2018-10-09,0.0012576037718054767,0.006256750371861597
2018-10-10,-0.06687450299653105,-0.05570474884340006
2018-10-11,-0.03191843380481779,-0.006497105559573257
2018-10-12,0.05200601861401111,0.03257323284441922
2018-10-15,-0.015927171973003112,-0.014907056345140847
2018-10-16,0.04527051124939191,0.031848403948064784
2018-10-17,-0.002793565626175387,0.010799534190488203
2018-10-18,-0.027800044030988097,-0.031970780752932075
2018-10-19,0.021014741964854367,-0.0061649322332269834
2018-10-22,0.010112045765696909,0.004699884396765985
2018-10-23,-0.003982159553208214,0.0020081118064326554
2018-10-24,-0.04596777017940315,-0.05948837921562567
2018-10-25,0.04573357703820674,0.04209181112144709
2018-10-26,-0.028682797730399112,-0.03889550912329438
2018-10-29,-0.03418520608686701,-0.038660592723996114
2018-10-30,-0.002883822890147686,0.008848826998070814
2018-10-31,0.050085627683472245,0.0406318416340274
2018-11-01,0.02158879540173325,0.020680596610614877
2018-11-02,-0.00547544300339009,-0.02397745228018482
2018-11-05,-0.006922939489487884,-0.010240458087109739
2018-11-06,0.012869198642179003,0.005439350934714637
2018-11-07,0.04652450438831912,0.04002264794672122
2018-11-08,-0.01883912879583466,-0.014660812337236708
2018-11-09,-0.01899883737048308,-0.024967493374763984
2018-11-12,-0.03530266892772399,-0.034824279924148965
2018-11-13,0.00562682611169385,-0.001903349603780469
2018-11-14,-0.007176359235393448,-0.010578276277798839
2018-11-15,0.03001611764008988,0.012751314426951856
2018-11-16,-0.02032256283219877,-0.010478842417867673
2018-11-19,-0.06344955354745041,-0.048044717908951866
2018-11-20,-0.018438098349576493,-0.012613252440076406
2018-11-21,0.011502174701158052,0.004945893653490585
2018-11-23,-0.009831015886907796,-0.016682906422589273
2018-11-26,0.03953029689255777,0.027506908363485218
2018-11-27,0.002349736580465417,0.0009060687030632677
2018-11-28,0.04976754845395148,0.04190196957267358
2018-11-29,-0.016065377029098438,0.0054825965319428745
2018-11-30,0.014032698446382913,0.004126950614817205
2018-12-03,0.031085234763458647,0.02246342994879873
2018-12-04,-0.06187897383102803,-0.04526653552638424
2018-12-06,0.02071358613116414,0.0125642240366197
2018-12-07,-0.042564616885818835,-0.03720737652717077
2018-12-10,0.020527697967532288,0.013832060872917662
2018-12-11,-0.0068781483648144015,-0.0019339324179598273
2018-12-12,0.01590524912689295,0.015589031049184498
2018-12-13,-0.0028330880737352238,0.0032333750140598467
2018-12-14,-0.01637078557993621,-0.026761384495989037
2018-12-17,-0.032308141527924966,-0.023625512102488314
2018-12-18,0.01339554797499437,0.020745682468295848
2018-12-19,-0.01653301741341698,-0.03260366945828577
2018-12-20,-0.028341042329965344,-0.015944544520598417
2018-12-21,-0.047548147438405824,-0.049482821620990367
2018-12-24,-0.017317425026747546,-0.023776322265799024
2018-12-26,0.07520454070713906,0.08013161662517083
2018-12-27,0.014332749257112198,0.0005483172113289967
2018-12-28,-0.010496466677461291,-0.0014934699276693442
2018-12-31,0.0033414553533051006,0.005543916635884095
2019-01-02,0.018630073866236607,0.01885717223880068
2019-01-03,-0.04963828592541,-0.030958336607642092
2019-01-04,0.059928733765899855,0.05556877730618797
2019-01-07,0.02104669045279134,0.020105430541561088
2019-01-08,0.016736235178351044,0.0171492195874678
2019-01-09,0.021033741272002415,0.0055210987381578034
2019-01-10,0.006516620569133713,0.0019256974420490903
2019-01-11,-0.0029296171276119443,0.0007835231789777633
2019-01-14,-0.005721663469097776,-0.007780404296651589
2019-01-15,0.006234648314686786,0.03449465217136543
2019-01-16,-0.0005997625512494664,0.00018595777330601142
2019-01-17,0.013005573289966654,0.0063535968861188515
2019-01-18,0.019266519031443052,-0.0029476685611815154
2019-01-22,-0.024932158292654633,-0.03003830463505555
2019-01-23,0.005894230038294618,-0.002608425612790866
2019-01-24,0.025573009643768074,0.006769503190569792
2019-01-25,0.02405184717213399,0.022176235754346952
2019-01-28,-0.0182139960076331,-0.012932229627342109
2019-01-29,-0.031574308660523326,-0.017396535417321845
2019-01-30,0.025604079832401982,0.04493549505660593
2019-01-31,-0.005486062640689959,0.0333690966474588
2019-02-01,0.01286790969872445,-0.013507361595963044
2019-02-04,0.011280744180032554,0.020433148102854837
2019-02-05,0.007986524747781665,0.013416917471973287
2019-02-06,-0.0024398733590850485,-0.009059221072437352
2019-02-07,-0.010368025948423065,-0.020536986257508504
2019-02-08,0.0105415372263582,-0.0011635941076397088
2019-02-11,0.008093821107523158,-0.0025845415746367454
2019-02-12,0.013133513012561049,0.01908738616167891
2019-02-13,0.0037578043802879157,-0.006195704909828148
2019-02-14,0.00029367174311212274,0.004063597774463346
2019-02-15,0.005297928639382804,-0.00833170000143566
2019-02-19,0.0019709415569925948,0.007092648909374955
2019-02-20,-0.0016642367646057254,-0.0004789133513489086
2019-02-21,-0.00772003832331411,-0.009204083048260927
2019-02-22,0.015888785112652182,0.01134434572437737
2019-02-25,0.005661421704896252,0.005723619585096796
2019-02-26,0.004667104016756213,0.001267935829651523
2019-02-27,0.008893257152940814,-0.001347018108554199
2019-02-28,0.008308999540195372,-0.00565103519143515
2019-03-01,-0.004641454930824684,0.010139878307035244
2019-03-04,-0.01821834510137904,0.008061313677150595
2019-03-05,0.00418564494898005,0.007950938257992335
2019-03-06,-0.005276832433213946,-3.0976788310544286e-05
2019-03-07,-0.008162418014735107,-0.0175092578205291
2019-03-08,9.676333934938164e-05,-0.0014926078258677756
2019-03-11,0.018149340171284778,0.026160682116653834
2019-03-12,0.007855351266749577,0.00414812781767322
2019-03-13,0.010813202857867299,0.007651185845442932
2019-03-14,0.0017432153132312667,-0.004429430521950173
2019-03-15,0.0057803306879202765,0.002433725665901765
2019-03-18,-0.007560464728686739,-0.0008821487686209605
2019-03-19,0.008956043351458332,0.0023098401368281344
2019-03-20,-0.006225499786039923,0.023386992632079016
2019-03-21,0.0253341029597699,0.013404506757918223
2019-03-22,-0.027515452775907112,-0.02567823417985613
2019-03-25,-0.0017250563755102921,0.0021618472888947473
2019-03-26,0.008706769112984764,-0.003810952638995202
2019-03-27,-0.0061366618461516365,-0.008240585892015996
2019-03-28,0.009658807549768555,0.0005037654424987937
2019-03-29,0.005237945989719522,0.005336030584025542
2019-04-01,0.01445577059640285,0.01723355153952504
2019-04-02,-0.0021631479323727665,0.010878455093791263
2019-04-03,0.004173822835467245,0.003124978432933468
2019-04-04,-0.012787159059391429,0.0037037062818985117
2019-04-05,0.005375525760806743,0.00044696808141300146
2019-04-08,0.0013342508004675624,0.0006443655095643933
2019-04-09,-0.0008430464921874437,0.002167375452871601
2019-04-10,0.004669243252113986,0.0026640256439015796
2019-04-11,-0.002391734083833086,0.0001685615913075145
2019-04-12,0.009998663411720954,-0.005219468442769904
2019-04-15,-0.0022322278474683765,0.0005124917842305178
2019-04-16,-0.0021766311700853747,0.008125481126790656
2019-04-17,6.265844334801818e-06,0.0026770620850647743
2019-04-18,-0.010660201774331274,0.003147988387262868
2019-04-22,0.007774550414597264,0.018684280722473457
2019-04-23,0.0021897205820239907,0.014091605841485368
2019-04-24,0.0009025704952248803,-0.00961293588097738
2019-04-25,0.008746133358907587,0.007833664026740527
2019-04-26,0.0008999840429061434,0.007637405476491077
2019-04-29,0.010685715949521946,0.003713008861821221
2019-04-30,0.008600615626994157,-0.022222176513045457
2019-05-01,-0.008983524455346475,0.008123416000193198
2019-05-02,-0.027095845429658566,-0.003919951198344784
2019-05-03,0.010327818841329384,0.019035995914634764
2019-05-06,0.005044908769951145,-0.008427853967470924
2019-05-07,-0.017389856986766844,-0.01905064568327495
2019-05-08,-0.003025653930722655,-0.005990083996082363
2019-05-09,-0.003419337176276349,-0.006121087880168851
2019-05-10,0.0039401012747015685,-0.005615952682846226
2019-05-13,-0.033338256040716385,-0.04036478177485317
2019-05-14,0.0216330957483028,0.0024275512448913806
2019-05-15,0.01712018998479059,0.02541955720562248
2019-05-16,0.017283539107945556,0.008777713797790066
2019-05-17,-0.00867939193365172,-0.012717387950146986
2019-05-20,-0.004963905063627816,-0.017770952182176548
2019-05-21,0.009308751142863336,0.011549509313690543
2019-05-22,0.004033147790538039,-0.00013596197511647244
2019-05-23,-0.026965734238169503,-0.018943753120666762
2019-05-24,0.007190157702128663,0.0005958741738524731
2019-05-28,0.011866804012475751,0.004108879896676099
2019-05-29,-0.014844084915776684,-0.011270851158588214
2019-05-30,0.005489219216669394,0.00306535753529964
2019-05-31,-0.015436023620412548,-0.02179098031119173
2019-06-03,-0.02858473602947509,-0.04235733432108146
2019-06-04,0.03214387669801899,0.029033363938693265
2019-06-05,0.02298267844123686,0.004562558744719158
2019-06-06,0.009532096977439342,0.006252267334908224
2019-06-07,0.027117718501493082,0.022918976029728408
2019-06-10,0.011714439219743633,0.008179849861998314
2019-06-11,-0.00551155562754968,0.0056938029881174355
2019-06-12,0.0029549057473692575,-0.008512153099314523
2019-06-13,0.0027677023501576636,0.006095561784969039
2019-06-14,-0.0016961419652064824,-0.0009244191809365083
2019-06-17,0.0033693589173288963,0.01921643411640055
2019-06-18,-0.004547631587105194,0.011604022078018117
2019-06-19,0.008446333150885388,0.0025037749701594335
2019-06-20,0.020605669409419047,0.006924336136939502
2019-06-21,-0.013070352122865031,0.004833290465434348
2019-06-24,0.001426652048404503,0.0012579521428423004
2019-06-25,-0.02320599826303721,-0.021523744124722022
2019-06-26,0.0008691029035472198,0.004644674435355879
2019-06-27,0.0036223652541858553,0.006185981123068962
2019-06-28,0.011400907460849596,0.00013935528077997346
2019-07-01,0.0077361312878296284,0.014292033942552873
2019-07-02,0.010710124634636609,0.007385850741629386
2019-07-03,0.008491501279396019,0.009368304291499464
2019-07-05,-0.001618791592784774,0.0006436515009233146
2019-07-08,-0.005159330063904316,-0.008988718614198721
2019-07-09,0.02273927113176888,0.011561403986844309
2019-07-10,0.00802612866729363,0.01215509170242024
2019-07-11,0.010129893096586351,-0.00488510484250133
2019-07-12,0.008395456544979474,0.0030111042940716756
2019-07-15,0.0011590105309650933,-0.0005297302044040772
2019-07-16,-0.011265814693212167,-0.001712133707302854
2019-07-17,-0.0024038935372339143,-0.007946271441426834
2019-07-18,0.005913817177308434,-0.020605315845183415
2019-07-19,-0.013209974142364411,-0.015693827628473912
2019-07-22,0.0049314901516039344,0.009178608080980923
2019-07-23,0.0050382081040517,0.0019478545855824653
2019-07-24,0.011467906082044066,0.00819899085026139
2019-07-25,-0.016807455971917656,-0.0029356627089247586
2019-07-26,0.011528352687066423,0.019266208448815103
2019-07-29,-0.014652733388317712,-0.005939631756855613
2019-07-30,-0.003103230079699676,-0.007289155211904986
2019-07-31,-0.014381374083255932,-0.005956556901542798
2019-08-01,0.00681577901873448,-0.009968279395998116
2019-08-02,-0.05055047201863197,-0.014337211864793442
2019-08-05,-0.049002162465403926,-0.03897494558400916
2019-08-06,0.01528015049496953,0.014013314037119784
2019-08-07,0.013937499527391373,0.0005604465927276931
2019-08-08,0.020038212314065218,0.0271443565819844
2019-08-09,-0.01339583724425178,-0.014934324875166261
2019-08-12,-0.023960586603184342,-0.006987790192339594
2019-08-13,0.018623289720052005,0.02120279616125118
2019-08-14,-0.02629353189775374,-0.03607793473578345
2019-08-15,0.014440308951891634,0.0024167363982371846
2019-08-16,0.011305794379264433,0.013918725988656445
2019-08-19,0.013950817903856105,0.017401554138556995
2019-08-20,-0.001035056551147967,-0.013838767803743024
2019-08-21,0.016438969798480862,0.0049609732865951274
2019-08-22,-0.007391020008017779,-0.004589491595073292
2019-08-23,-0.03164451057313375,-0.02984210478549092
2019-08-26,0.01502909909187844,0.014790358900132718
2019-08-27,-0.0037292896572705403,-0.005357993796785677
2019-08-28,0.003657244405323057,0.00307749499348744
2019-08-29,0.013214959843657503,0.01722939473020908
2019-08-30,-0.005439502865930812,-0.004115082431745809
2019-09-03,-0.010803570806959234,-0.011532937646765596
2019-09-04,0.013237715573660103,0.013795719807074303
2019-09-05,0.023525339092520026,0.01845599299395828
2019-09-06,-0.006533194143401644,-0.0074835109823241375
2019-09-09,-0.025053568031373014,0.004728015633707972
2019-09-10,-0.026447924203215345,-0.005013672232518651
2019-09-11,-0.00766121691534169,0.010867347460198528
2019-09-12,0.012291157217816567,0.003549967239141294
2019-09-13,0.0009346587197905099,-0.0002198912030562331
2019-09-16,-0.0008333765507235469,-0.004541107811302947
2019-09-17,0.006017659292169797,0.006940875230593236
2019-09-18,-0.006274641484039695,-0.0026773913333098197
2019-09-19,-0.00025168177195486474,-0.0016501804513575414
2019-09-20,-0.01535826956649508,-0.01867766554492023
2019-09-23,-0.0004337256224678787,-0.006281786673659218
2019-09-24,-0.0023271709115773864,-0.022712364225092707
2019-09-25,0.007785740395839735,0.020306246383438656
2019-09-26,0.012683758461650763,-0.00892292139799933
2019-09-27,-0.012691637236385195,-0.008666283116029171
2019-09-30,0.008774232393533254,0.009643507096267045
2019-10-01,-0.0023452149186580507,-0.003050212494402071
2019-10-02,-0.025365868801625946,-0.01486353750809175
2019-10-03,0.019585807878476413,0.010603148591433964
2019-10-04,0.01627875089350761,0.015381277627279834
2019-10-07,-0.007544380620452734,-0.0006417425971991797
2019-10-08,-0.019570519610905585,-0.01340824773488396
2019-10-09,0.015695745542318895,0.006377686786600756
2019-10-10,0.0023828916044669746,0.013881532647715501
2019-10-11,0.00496318537268714,0.013166659222295162
2019-10-14,0.0030533784638619443,0.001956102323081632
2019-10-15,0.01809476016366257,0.012408680198091515
2019-10-16,-0.007302402744680497,0.0029466659234670626
2019-10-17,0.0013457528488818316,0.009090277567153927
2019-10-18,-0.025910890958282168,-0.021041696020759094
2019-10-21,0.007756249989166464,0.013039859432912282
2019-10-22,-0.03934139743307097,-0.01929313419686514
2019-10-23,-0.003901993155924738,0.012594252102598126
2019-10-24,0.05101632869703604,0.003211795507783233
2019-10-25,0.013418193325876737,0.006641055309055699
2019-10-28,0.0063663216344878315,0.013026981887133894
2019-10-29,-0.00964973513653683,-0.011325226825761446
2019-10-30,0.007732428446369122,0.00800189201080428
2019-10-31,-0.009626752378278841,0.004919207254454893
2019-11-01,0.011782534490167251,0.011266702655335692
2019-11-04,-0.011082805944901991,0.010691010356409337
2019-11-05,-0.02012994692046688,-0.004152837974683777
2019-11-06,0.0016225614676905753,-0.0031603592795607987
2019-11-07,0.017219786574626833,0.00292041477711007
2019-11-08,-0.002439622176858114,0.002401973596226914
2019-11-11,0.010971717482499754,-0.0011721582020789213
2019-11-12,-0.009931264951068303,0.004116683236450802
2019-11-13,0.0005322934431646609,-0.008625407960476927
2019-11-14,0.011743780274039772,0.0055008074094713205
2019-11-15,0.008911178744118176,0.009909224722180567
2019-11-18,0.0028539611928085906,0.008165869261621439
2019-11-19,0.013720495345332429,0.00016270455239075782
2019-11-20,-0.0004011320627018422,-0.0046579986126283005
2019-11-21,-0.006289741822103928,0.0020376024419685337
2019-11-22,-0.002443136356711867,0.00045353004527148866
2019-11-25,0.01447941207854847,0.01268126844802673
2019-11-26,0.010486361428034663,-0.0012569048963225748
2019-11-27,0.010951095859397575,0.010883363691951066
2019-11-29,-0.00023181508236200243,-0.0048047508764409
2019-12-02,-0.020804105598400124,-0.01174860661334356
2019-12-03,-0.0007191106547215498,-0.007322182866749549
2019-12-04,-0.0004915195734359057,0.0030365051345059963
2019-12-05,0.0012917722297802192,0.001814547005031453
2019-12-06,0.002735337670302984,0.011498415537006857
2019-12-09,-0.004467375626565601,-0.005344534631496135
2019-12-10,-0.006316609850768984,-0.006306994158908341
2019-12-11,0.00429063716691816,0.007880919763541173
2019-12-12,0.004186923743584037,-0.003353921611002764
2019-12-13,0.00760206867054794,0.0002483832667245612
2019-12-16,0.013079484010586062,0.013907572479566222
2019-12-17,-0.008350901457715026,0.009884498502178941
2019-12-18,-0.004107698961456879,0.005228072896302028
2019-12-19,0.004346116999154492,0.013127007549694713
2019-12-20,-0.000971329041020208,0.001125954775196614
2019-12-23,-0.005782822655597097,0.0015357306407296045
2019-12-24,0.005660310830256754,-0.0018703964824872798
2019-12-26,0.006357014834714736,0.01760433359800109
2019-12-27,-0.0002754503267891617,-0.0029578004402547767
2019-12-30,-0.015605074635478083,-0.010259751299429666
2019-12-31,0.00431111690938174,0.0016821695265774484
2020-01-02,0.019433800245602817,0.02336474237772768
2020-01-03,-0.012201233182990406,-0.009327776466422156
2020-01-06,0.0014942437513767448,0.020090588798078058
2020-01-07,0.005624782331746625,-0.003478993015125753
2020-01-08,0.024881551658877843,0.010316153254728457
2020-01-09,0.007907257903870868,0.008092134002389728
2020-01-10,0.0032656563561513363,-0.004296851220721232
2020-01-13,0.012782949642317298,0.01628895676136928
2020-01-14,-0.00584699583179632,-0.009222874275037762
2020-01-15,0.016467619325506888,0.0019415356893859982
2020-01-16,0.004495047695180665,0.00610203827562188
2020-01-17,0.007890977634861435,0.005482173038457483
2020-01-21,-0.0016143281950915245,0.0006894136472280102
2020-01-22,0.0024417573172265394,-0.00715335066866556
2020-01-23,0.006342731179191263,0.013772107831576697
2020-01-24,0.0017668859083082855,-0.005017499998773967
2020-01-27,-0.014291691032511905,-0.0226840353400529
2020-01-28,0.021273728161253724,0.01685181316509481
2020-01-29,0.007370331449516265,0.007612730992918658
2020-01-30,0.007887817743527786,-0.008876330356627672
2020-01-31,-0.029250609472630085,-0.0061880929446861185
2020-02-03,0.03210132466736315,0.015782533993862403
2020-02-04,0.0180940610724033,0.018135583820818944
2020-02-05,-0.0100214609262049,0.0015388297691545814
2020-02-06,0.0017743364903627379,0.006573327334397617
2020-02-07,-0.003229788804855721,0.0012470548053122867
2020-02-10,0.013254288616563081,0.013417357502759453
2020-02-11,-0.005378888541690413,-0.0036133068069803547
2020-02-12,0.006396883235562534,0.01372698026028667
2020-02-13,0.008757357488373307,-0.0002713716428611736
2020-02-14,0.014843438785928031,-9.651262671730444e-05
2020-02-18,0.0015848862884773884,0.005431643116071472
2020-02-19,0.01678537678938824,0.004000733025827774
2020-02-20,-0.0040048080977668765,-0.007497480560083459
2020-02-21,-0.01883113833721381,-0.021566830286376296
2020-02-24,-0.039319277729737284,-0.04136642111855378
2020-02-25,-0.05380632797227783,-0.023961159648062072
2020-02-26,-0.008588208105452688,0.01592600981417447
2020-02-27,-0.013662957640216689,-0.04576986720096415
2020-02-28,0.01982904555624243,0.008201670306947384
2020-03-02,0.03141352302948694,0.041332709330763204
2020-03-03,-0.03379877045809043,-0.03532895200908786
2020-03-04,0.03443674631224347,0.037332392083205074
2020-03-05,-0.03522945632689253,-0.03420360610186215
2020-03-06,-0.019495883423610083,-0.014364084752930807
2020-03-09,-0.08644465365679077,-0.0658166053148613
2020-03-10,0.06037828009460755,0.05785946003020684
2020-03-11,-0.05385771218114219,-0.042352939308469534
2020-03-12,-0.09461474619873869,-0.09176041557206656
2020-03-13,0.10561297772464823,0.09210140340244069
2020-03-16,-0.1787201845175637,-0.11297978589648293
2020-03-17,0.048870066750884344,0.05213830245124913
2020-03-18,-0.07129108827472402,-0.008886654463599021
2020-03-19,0.014771058709719287,0.022222676833170075
2020-03-20,-0.057900177218522336,-0.0286762699034586
2020-03-23,-0.01833193523390686,0.012776126829055356
2020-03-24,0.14937268242877755,0.05730086188331889
2020-03-25,0.06050190138076844,-0.027661054679259323
2020-03-26,0.04731863446981499,0.05041641908455734
2020-03-27,-0.05431879662280567,-0.034488480041199
2020-03-30,0.029729341884262572,0.038206691454103714
2020-03-31,-0.033332970507213316,0.004558885452501649
2020-04-01,-0.06371893415285454,-0.039979768470050046
2020-04-02,0.01876367408698859,0.0089572196256416
2020-04-03,-0.025109618184026572,-0.01804966387220759
2020-04-06,0.12120466327029028,0.06829331204520087
2020-04-07,-0.010254774992111804,-0.001114178911797858
2020-04-08,0.0658161098738207,0.018288014435089962
2020-04-09,0.00826887245068883,0.0022621785001775588
2020-04-13,-0.010895085502478252,0.030302695734744246
2020-04-14,0.036682554340521534,0.042009966317513615
2020-04-15,-0.03335517124447113,0.004274568151634673
2020-04-16,-0.03126929908352016,0.015295644552740196
2020-04-17,0.0493661118724949,-0.006245480989177921
2020-04-20,-0.014881227756611298,0.0004205960768142397
2020-04-21,-0.037645276323064636,-0.029487713015895145
2020-04-22,0.055498378737345866,0.023836244436302882
2020-04-23,0.001169345496589591,0.010446662810304885
2020-04-24,0.015605282933973674,0.012089689954461691
2020-04-27,0.020417619888668415,-0.007848599433417758
2020-04-28,-0.017320920824922426,-0.027976630653353943
2020-04-29,0.06490107212476559,0.045321624609921424
2020-04-30,-0.015376542348950528,0.028704410157719806
2020-05-01,-0.02260473598078433,-0.027393152568161192
2020-05-04,0.010004776553425465,0.01530491286461344
2020-05-05,0.022776480964173007,0.007572497688267243
2020-05-06,0.010908664970214477,0.009932440844251489
2020-05-07,0.06932855542106964,0.01104917302002768
2020-05-08,0.009274417115526429,0.007930879552315862
2020-05-11,-0.008516588020422544,0.010959210531330444
2020-05-12,-0.01758985923165715,-0.01701622940891807
2020-05-13,-0.006130140021520181,-0.007357997067749845
2020-05-14,0.029124489358291428,0.008223624997369283
2020-05-15,0.014464449836556925,0.012419248765210568
2020-05-18,0.008965620584543477,0.008857649475705156
2020-05-19,0.005530292159227679,0.001823381516975497
2020-05-20,0.031502222921549417,0.02364427106269236
2020-05-21,-0.013933083380125721,-0.009376818082607841
2020-05-22,0.00459578735694588,0.0007538539946888805
2020-05-26,0.0022123585653886224,-0.010160093656779902
2020-05-27,-0.004953954109726183,-0.0007838219991223913
2020-05-28,0.004817646364801614,-0.0074240750105927025
2020-05-29,0.015881562082452866,0.0072778164551887455
2020-06-01,0.0029533098578008177,0.014974419821269482
2020-06-02,0.025012087455155818,0.004000091075331147
2020-06-03,0.013700142566349327,-0.004102066776892244
2020-06-04,-0.023792297611487045,-0.013250581115001749
2020-06-05,0.025354520104470535,0.01750297293646823
2020-06-08,-0.0024116884646111225,0.0060652978554813115
2020-06-09,0.0018652657644388504,0.026573052618837693
2020-06-10,0.01415294846821058,0.008571774613674999
2020-06-11,-0.05796934364134218,-0.03946651299600403
2020-06-12,0.005376508635714816,0.004073439852971816
2020-06-15,0.02514405005538678,0.011209291404653321
2020-06-16,0.02398298577444158,0.020166812160431702
2020-06-17,0.009301029037515507,0.0073900647547185064
2020-06-18,0.0112386982800603,-0.0001797740396342507
2020-06-19,-0.01300266816953291,0.0030896611531090025
2020-06-22,0.03280168897258634,0.018681636783862386
2020-06-23,0.010719151780483216,0.011365250379124482
2020-06-24,-0.03434564698906695,-0.02027044292791529
2020-06-25,0.0227075231660106,0.010487945136016787
2020-06-26,-0.016854803498770915,-0.04810806503183412
2020-06-29,0.0009776694598904456,0.015432773876127405
2020-06-30,0.015427969902181315,0.018869679214013946
2020-07-01,0.03690039667997469,0.034881728897192786
2020-07-02,-0.002400029052890551,-0.0024581166092423334
2020-07-06,0.016273932908759198,0.033944945367722745
2020-07-07,0.006506498073513195,-0.005498242056759528
2020-07-08,0.02271971368228415,0.018106678612160556
2020-07-09,-0.013486150484630616,0.011976422720033098
2020-07-10,-0.007954162169093254,0.02104486522769209
2020-07-13,-0.03700273080326047,-0.023914243503152365
2020-07-14,0.019441804056188394,0.0038012195139553785
2020-07-15,0.011469189050186152,-0.004339875759982514
2020-07-16,-0.016687205691019363,-0.0028940620379283026
2020-07-17,0.013656079774015673,-0.013482302614967568
2020-07-20,0.03340282789943033,0.03294250667804852
2020-07-21,-0.012947675356555471,-0.014923245591451905
2020-07-22,0.015832850428876943,-0.0026497874273027078
2020-07-23,-0.02267901295552116,-0.0332129664534355
2020-07-24,-0.01038560841047556,-0.0007891230867365097
2020-07-27,0.020487879930815522,0.019145403572318864
2020-07-28,-0.008521324322073809,-0.01589906569657056
2020-07-29,0.026070467997696967,0.009799378091946776
2020-07-30,0.006092815692722242,0.007196756218673484
2020-07-31,0.001097294322156911,0.03966450226929135
2020-08-03,0.014313208933351418,0.003115605967540702
2020-08-04,0.007672569414751029,0.004731671009699934
2020-08-05,0.040215847195165466,0.0023252837675644235
2020-08-06,0.019613680493086594,0.027359127131263383
2020-08-07,-0.022490833953135503,-0.012709417924403499
2020-08-10,-0.023252894070518393,-0.0071394743729016556
2020-08-11,-0.002062573376117649,-0.024500811239852704
2020-08-12,0.004557573307859553,0.022062459362619437
2020-08-13,0.0075960133539998975,0.008443817107275774
2020-08-14,-0.005002134227462818,-0.0020588796078875094
2020-08-17,0.03168235165146971,0.0028956073098483693
2020-08-18,-0.00511568774013843,0.020020189638130462
2020-08-19,-0.00023398583701589315,-0.006996136410971277
2020-08-20,0.024698422975119705,0.020951304900251922
2020-08-21,-0.003620372653614312,0.005880504519095366
2020-08-24,0.005104063640525847,0.007031790380501612
2020-08-25,0.013683039705477129,0.01076530451319615
2020-08-26,0.005319028118836527,0.05287764499210863
2020-08-27,0.008463180797358305,-0.021409414108113544
2020-08-28,0.012987728456552383,0.0003197341107475494
2020-08-31,-0.0045483900076477846,-0.14600588705079798
2020-09-01,0.018245754239602174,0.027537645082095618
2020-09-02,0.002498633995587446,0.008026178451956346
2020-09-03,-0.042380829242911866,-0.05245348602221089
2020-09-04,-0.03824342277789092,-0.02009899007063949
2020-09-08,-0.029075697828938263,-0.04105659825918269
2020-09-09,0.032634930653348326,0.01741199150802706
2020-09-10,-0.019524038607426936,-0.0264107953777021
2020-09-11,-0.016989021891134576,-0.0080850503317079
2020-09-14,0.028012391461371855,0.0014681352620553596
2020-09-15,0.01742497962731937,0.020107363313602234
2020-09-16,-0.010729633141775191,-0.025414736434765862
2020-09-17,-0.01761234079321733,-0.022881839772062686
2020-09-18,-0.007150384350167821,-0.017665509201852326
2020-09-21,0.008679030923238795,0.008566573450377968
2020-09-22,0.02343867159333307,0.025247101539956594
2020-09-23,-0.03216645139380345,-0.03626640727492603
2020-09-24,0.008201946660567005,0.0065092779737680575
2020-09-25,0.02088031896987136,0.023141356510563017
2020-09-28,0.02009854901225261,0.01786165850865693
2020-09-29,0.006432959502003566,0.002284101510166137
2020-09-30,0.0012707620771189587,0.005362210375086396
2020-10-01,0.01785518452287263,0.02474013355735472
2020-10-02,-0.010195846068514619,-0.031209042279188505
2020-10-05,0.028720434552919782,0.025295642275979538
2020-10-06,-0.02259642770667361,-0.026787593899229134
2020-10-07,0.018298863611288185,0.02162750670301481
2020-10-08,0.004416962049476503,0.006581163592736772
2020-10-09,0.02041611426397788,0.016559341088215173
2020-10-12,0.0018779365147212623,0.03796456834707165
2020-10-13,0.007884553638934727,0.0004060373851042527
2020-10-14,-0.013583742221625006,-0.012420559594007076
2020-10-15,-0.005362880150020732,-0.006824085046041284
2020-10-16,0.00021163750298328066,-0.016786596857617877
2020-10-19,-0.014344674405097568,-0.010012197135170564
2020-10-20,0.0012970858947563835,0.008385433546463594
2020-10-21,0.005707068522235514,-0.004136842620134763
2020-10-22,-0.014004758948895135,-0.0014616223488615578
2020-10-23,-0.0027616170590868683,0.00957621557540369
2020-10-26,-0.03183948000044137,-0.011042261790381926
2020-10-27,0.0011172503697857161,0.014121552923878468
2020-10-28,-0.047562486702225654,-0.04031205558512831
2020-10-29,0.013856150596750827,0.031890715420895034
2020-10-30,-0.04077300604264922,-0.0357437053555693
2020-11-02,0.007321793720820313,0.0003116781574960647
2020-11-03,0.0029750207551153263,0.01226962781385832
2020-11-04,0.05886939973345329,0.05454586817745698
2020-11-05,0.03179405991432921,0.025589566508503393
2020-11-06,0.02895005295911887,-0.001989116544122349
2020-11-09,0.002591224607338849,-0.041350423459483365
2020-11-10,-0.024730428524286002,-0.010217571569955508
2020-11-11,0.02627117700436052,0.021010622313444884
2020-11-12,-0.01882116097937947,-0.005162305618079355
2020-11-13,0.0033481276062810317,0.0057721540826958465
2020-11-16,0.011891152194053844,-0.0025488870956818844
2020-11-17,0.010829202961739254,-0.0017644663484299937
2020-11-18,-0.009777198550925709,-0.00833975751109304
2020-11-19,0.00734655797211739,0.0056592759824425805
2020-11-20,-0.004370762483633245,-0.00672935129795762
2020-11-23,0.037863729077521724,-0.012588589850736699
2020-11-24,0.01017519543548745,0.016461053138698657
2020-11-25,0.023144740390897395,0.005947284911127149
2020-11-27,-0.005073936480912533,0.008510638899369916
2020-11-30,-0.0012321922863519907,-0.001400861675862086
2020-12-01,-0.004472263179280678,0.02591217149885048
2020-12-02,-0.005789118509727742,0.003330624671189986
2020-12-03,0.00048347477676174977,-0.00773238266540981
2020-12-04,0.019204545992108746,-0.0038092328410132665
2020-12-07,0.0029971015750911434,0.012778556090208682
2020-12-08,-0.0008721896438994292,-0.0016176280047587312
2020-12-09,-0.021371560454667565,-0.024109697658903854
2020-12-10,0.012051179817831131,0.003918122407342373
2020-12-11,-0.006472105423314334,-0.0009306092688093016
2020-12-14,0.010858303105611505,0.006639287731865573
2020-12-15,0.009207886065388526,0.012083605156359579
2020-12-16,0.01590550858688411,0.0059795989195446046
2020-12-17,0.017203952856764626,0.0015793107304019616
2020-12-18,0.008246024897260507,-0.006152604251182314
2020-12-21,-0.007393319985695895,0.00030189934335735937
2020-12-22,0.009613283097710701,-0.0008025780260370709
2020-12-23,-0.018775000535005554,-0.006006272964656456
2020-12-24,0.006162942816107048,0.0007038752939789505
2020-12-28,0.002556928016135579,0.028042850777750865
2020-12-29,-0.011889126903448538,0.0021745800268735405
2020-12-30,0.019791013055758477,-0.01224300329999868
2020-12-31,-1.6259632422604975e-05,0.005331736532154952
2021-01-04,-0.0025663884329564235,-0.021687901595344505
2021-01-05,0.006111503300592597,0.006657017722220093
2021-01-06,-0.013590897725981765,-0.02708859747018668
2021-01-07,0.02562989700230489,0.021754904115945897
2021-01-08,0.014592163798296809,0.005489538170689068
2021-01-11,-0.02835301816419819,-0.025865576570458827
2021-01-12,-0.006344877688532785,-0.008576547833225145
2021-01-13,0.014597308694317024,0.013301597826569768
2021-01-14,-0.023763521400579163,-0.014821663805724404
2021-01-15,-0.01119461554928225,-0.001225990150604339
2021-01-19,0.009633866553809878,0.01815207682533786
2021-01-20,0.008398224491234701,0.06479705157832041
2021-01-21,-0.004479169768101476,0.012564593866716534
2021-01-22,-0.00093379941139346,-0.0012136003366219896
2021-01-25,-0.012172701038955624,0.005665093785457165
2021-01-26,-0.015155903378258756,0.008638072157139432
2021-01-27,-0.036665554724716026,-0.03647202081618881
2021-01-28,0.04059321447944164,-0.0032337882411369373
2021-01-29,-0.020682344807124997,-0.019702945313138077
2021-02-01,0.025266021771250258,0.024465669295489656
2021-02-02,0.02933043067137292,0.013662544399248189
2021-02-03,0.00031306875324429995,0.005238579269452147
2021-02-04,0.045493971776783215,0.011023564264012409
2021-02-05,-0.000621207027687587,0.004255217233362929
2021-02-08,0.028667902636918874,-0.0041694008106149425
2021-02-09,-0.0030191653887247927,0.002653750003794331
2021-02-10,-0.0010561863056049725,0.002822967303181123
2021-02-11,0.021426565803487507,-0.005039595721136703
2021-02-12,0.01573695121702806,0.0018413491876155374
2021-02-16,0.005987772159507798,0.0002820664164311817
2021-02-17,-0.013883189041836691,-0.002617914985991976
2021-02-18,-0.002423277317089939,-0.005929031909330052
2021-02-19,-0.007370975152234616,-0.014816621498723426
2021-02-22,-0.009070578967793785,-0.016807803234941333
2021-02-23,-0.007382738843579512,0.010030810468678064
2021-02-24,0.002953762130932708,0.0007934200875140631
2021-02-25,-0.037762412843478366,-0.029508535674258488
2021-02-26,0.007974463421529437,0.00196059631118295
2021-03-01,0.035983284980350916,0.0294585524400953
2021-03-02,0.006474311646659903,-0.013145595578038896
2021-03-03,-0.03402317346095032,-0.028569087728303137
2021-03-04,-0.04337189952786352,-0.0046718738954747655
2021-03-05,0.010367304449453024,0.016911684396142324
2021-03-08,-0.017442429315771113,-0.03561834731124092
2021-03-09,0.0490944384546953,0.032289760161724426
2021-03-10,0.009399612146624103,-0.003961354216386681
2021-03-11,0.03358660680570663,0.02755938970494265
2021-03-12,-0.005918869809326904,-0.013662827704797431
2021-03-15,0.0071109207199423485,0.0094963342893017
2021-03-16,-0.006467516632851944,0.011377485263363773
2021-03-17,0.0010746127782030601,0.00524493306648095
2021-03-18,-0.045832473761185405,-0.031082283688040186
2021-03-19,-0.02019819844195825,0.013565633597727712
2021-03-22,0.008395580940836755,0.015386448290631004
2021-03-23,-0.005705814702305051,0.004041751953664053
2021-03-24,-0.017876954464562195,-0.01923033851472311
2021-03-25,-0.006754356956109958,-0.011163871509514657
2021-03-26,0.025382979205562095,0.00606813688455008
2021-03-29,-0.014167691238544139,0.01182776779205388
2021-03-30,0.0007744424972614961,-0.006212340501788095
2021-03-31,0.02337510215743821,0.01616476726652096
2021-04-01,0.01774014603366364,0.02143735818343937
2021-04-05,0.009888736044898816,0.024373906548973735
2021-04-06,0.009842174945906834,-0.0006658718198461644
2021-04-07,0.013012991819906838,0.014134521909513075
2021-04-08,0.02873036453075206,0.008905412074204722
2021-04-09,0.008561287009232199,0.010023969517549448
2021-04-12,0.004226429513353919,-0.0059136269251011345
2021-04-13,0.011833293508296594,0.005912006324481078
2021-04-14,-0.019511864365868964,-0.017628489494916466
2021-04-15,0.02108236563283522,0.01663084923648599
2021-04-16,-0.01063409736672824,-0.00140491508180407
2021-04-19,-0.015380700115813745,0.0005346894618927678
2021-04-20,-0.009531584948815008,-0.007440937905266056
2021-04-21,0.009032405100187768,-0.01351772373799831
2021-04-22,-0.0022726511185481857,-0.010749183413748467
2021-04-23,0.009796945114058264,0.011301435370408508
2021-04-26,0.01552544059093236,0.009052834813004607
2021-04-27,-0.004475494832925808,-0.0035459787639803733
2021-04-28,0.011315715728106412,0.010455794548738018
2021-04-29,-0.01038423290055085,0.018540548846148867
2021-04-30,-0.015209146821883207,-0.006956493451505929
2021-05-03,-0.007581688175559542,-0.007604412000888684
2021-05-04,-0.02402903817552171,-0.019376507974328463
2021-05-05,-0.009647505466587658,-0.006273082075912973
2021-05-06,0.0024847881025742147,0.010939344761471893
2021-05-07,0.012300094012272611,0.0018358518600529506
2021-05-10,-0.03993994345730725,-0.03088990342724767
2021-05-11,0.010452435714204095,0.0021369901787281044
2021-05-12,-0.038060138902997614,-0.021995191564832317
2021-05-13,-0.00436962554336412,0.009207243781779395
2021-05-14,0.02532011468713663,0.021984352311551093
2021-05-17,-0.008666043263352546,0.00021462216680554467
2021-05-18,-0.001977513603950959,-0.011613966051613422
2021-05-19,-0.00470104897502252,0.0034363045871506513
2021-05-20,0.01991010325060183,0.017289257106107982
2021-05-21,-0.006353066208913988,-0.009896351863480701
2021-05-24,0.025707600202954872,0.01852017303188962
2021-05-25,0.0036901429149651666,0.002109609881063945
2021-05-26,0.004543842079046401,0.0021285485957475594
2021-05-27,-0.003930091040453221,-0.0020017572909454273
2021-05-28,0.002322656670282891,-0.005231232566796295
2021-06-01,-0.003070009247495925,-0.00014810845901689352
2021-06-02,0.009435048918447875,0.0014943041502788247
2021-06-03,-0.0196881640809404,-0.013107985622456254
2021-06-04,0.013011428753427423,0.013560023421746115
2021-06-07,0.0012369097492115622,0.004189027755353081
2021-06-08,0.0010697859318640757,0.002286343990555917
2021-06-09,-0.005377338299785234,-0.002120409349229102
2021-06-10,0.01628038335387516,0.0066947115748989825
2021-06-11,0.0062120574702243525,0.0012841593488615688
2021-06-14,0.016318735462906353,0.016727546570762277
2021-06-15,-0.006186975799849309,-0.00601982415878628
2021-06-16,-0.01233505633082213,-0.0018899918456876108
2021-06-17,0.026033073238841686,0.013910476491982937
2021-06-18,0.003963685437775727,-0.008049694511614459
2021-06-21,0.004449931825294823,0.004225082989985829
2021-06-22,0.01048451005379486,0.015180513325213373
2021-06-23,0.0007432609577167071,0.0015651940620075911
2021-06-24,0.01171605533986314,0.0005759870370172451
2021-06-25,-0.0027326460726287694,-0.0004837560996140638
2021-06-28,-0.00122256592020914,0.015495745341833355
2021-06-29,0.0035879224952540534,0.00016057841124750288
2021-06-30,-0.010314719454286553,-0.0041832605298939285
2021-07-01,0.001355599213579306,0.006463537055780178
2021-07-02,0.006789883160111143,0.013351791918444534
2021-07-06,0.009694012185644862,0.01568999245602567
2021-07-07,0.0009364179934875927,0.00188357379906019
2021-07-08,-0.01703455352078742,-0.006740717886101356
2021-07-09,0.014496867043880146,0.006927684358021425
2021-07-12,0.004979903657983814,0.0035678953966718384
2021-07-13,0.00673543751311706,0.0008643238221417659
2021-07-14,0.0055234392378730734,0.00664204831774069
2021-07-15,-0.005245530080237953,-0.009310477965291832
2021-07-16,-0.0016464899823454837,-0.012814619036889787
2021-07-19,-0.02528712950959683,-0.01179407563634476
2021-07-20,0.024520714017855494,0.011087144863482591
2021-07-21,0.018757384638470598,-0.001905475887471897
2021-07-22,0.0068543090032014975,0.008158066134536734
2021-07-23,0.01943855912062359,0.022618970063483835
2021-07-26,-0.002188739654633287,0.006671595878695858
2021-07-27,-0.01606733029420379,-0.011723759188322648
2021-07-28,-0.00039973933650458426,0.0070883248610587035
2021-07-29,-0.014206847389823807,-0.011162635448713563
2021-07-30,-0.01804055560257309,-0.016169090719842006
2021-08-02,0.007910120642907165,-0.003578028683592094
2021-08-03,-0.008259401447018255,0.003659111670197968
2021-08-04,-0.0012992089237245097,0.0048391837471749586
2021-08-05,0.025555197332178925,0.008467534541179812
2021-08-06,-0.0038966148978046844,-0.0053007072105748735
2021-08-09,-0.0011368056883720445,0.0001870613857020143
2021-08-10,-0.013425217178778398,-0.003810585449800153
2021-08-11,-0.005494717077952738,-0.004139020117824299
2021-08-12,-0.008990649509293153,0.006703219646643577
2021-08-13,0.0012312030461619772,0.003081196103573314
2021-08-16,0.002185526025034079,0.0065256753259047345
2021-08-17,-0.009729502429947828,-0.011185213576075957
2021-08-18,-0.007861007256679348,-0.00994363139166401
2021-08-19,-0.0032835731754745356,0.008031541243923536
2021-08-20,0.005666224506028328,0.008937266334574367
2021-08-23,0.018155566885035668,0.014737334226765554
2021-08-24,0.0026513624766689448,0.0052860604349706415
2021-08-25,-0.007862974529210504,-0.0013243893752095783
2021-08-26,-0.015025054060417459,-0.0025489485850091593
2021-08-27,0.014150504459154056,0.014977268160878455
2021-08-30,0.009253345730417112,0.01811549609610248
2021-08-31,-0.010492074355311964,0.0018858640534825223
2021-09-01,0.002030804568455863,0.007926063328397116
2021-09-02,-0.015567260653117726,-0.00333991780611429
2021-09-03,0.006960124293307807,0.00339905495687276
2021-09-07,0.004401470156150472,0.014253852966287051
2021-09-08,-0.009100763689466884,-0.0044370241913544994
2021-09-09,-0.0033586273204906647,-0.006464979325661414
2021-09-10,-0.011469499750308837,-0.010280097011747258
2021-09-13,-0.004781251894612815,-0.002293024488073714
2021-09-14,-0.0011728502245425265,-0.00588573505517489
2021-09-15,0.0020016685576387805,0.0056585740779419025
2021-09-16,0.008566076636117026,0.00014890796209010568
2021-09-17,-0.010671350115001949,-0.012783573992637654
2021-09-20,-0.015349535428949984,-0.022820227070179392
2021-09-21,-0.0011596649600551234,0.00013649599853000625
2021-09-22,0.019954915717588728,0.00572536294393764
2021-09-23,0.025483233620829715,0.007265458396808766
2021-09-24,0.0015875982485597517,0.00606360361288043
2021-09-27,-0.011361134497860914,-0.004356178470639205
2021-09-28,-0.03335979109161874,-0.027927852358453964
2021-09-29,-0.007463509029074333,0.002938079715211517
2021-09-30,-0.0032137827856964507,-0.000858450244296338
2021-10-01,0.02161399177185222,0.00932679240960732
2021-10-04,-0.04009662409456441,-0.027272488981872955
2021-10-05,0.01472044674509182,0.02236708871061155
2021-10-06,0.013320834974586304,0.007808624885411054
2021-10-07,0.018455870873372138,0.0018733892566093141
2021-10-08,-0.013542565375195104,0.00046945336878285727
