,fin_stocks,faang_stocks,crypto
2017-10-20,0.01875964858679785,-0.00035148414423735735,0.03405450601344187
2017-10-23,-0.0036065394364405423,-0.013178265519424049,-0.03283464164620777
2017-10-24,0.005027979143989059,0.008066800062644663,0.026890173959494668
2017-10-25,0.00776219835690134,-0.004620942487327962,0.0055044124176002445
2017-10-26,0.011585071065751518,0.0026916292033587253,-0.001952459373706361
2017-10-27,0.010015711439096048,0.0549316895713627,-0.010411704452915815
2017-10-30,0.0056507385338090965,0.007176549628016838,-0.005511042763574947
2017-10-31,0.014630386924007893,0.0003171576770991228,0.015920110076979847
2017-11-01,-0.0028003592397830845,0.003232923919801589,-0.055835782703898044
2017-11-02,-0.004381785677841643,-0.0028425749369322515,-8.370857569695053e-05
2017-11-03,0.012128199919919203,0.010393276809592678,0.028759837073037402
2017-11-06,0.009409423161421016,0.003901040294767433,0.00015866559951021033
2017-11-07,-0.0039424721661967255,-0.00130279224996559,0.02980939478480975
2017-11-08,0.0018167630030160864,0.0044267401383579095,0.057278647234431594
2017-11-09,0.004401485728731086,-0.0060547349364941105,0.0907542742501339
2017-11-10,0.007588471892780085,-0.005637836943521823,-0.11023974347683331
2017-11-13,0.004452367514519884,0.003003098260493387,0.08293417628475754
2017-11-14,0.0016654841491502148,-0.0017796806709553974,0.018557584938507614
2017-11-15,-0.004286288962533552,-0.009096446214615096,0.04932233510208584
2017-11-16,0.027137220758552905,0.011794626486272898,0.05271163212804109
2017-11-17,0.0046125188441122345,-0.007885693047406096,-0.03726851110222789
2017-11-20,0.005834937540301344,-0.00017550745357781676,0.026081424171612126
2017-11-21,0.029808831114036927,0.014596952344212523,-0.021862712311224986
2017-11-22,-0.00016570086375783388,0.004311615461719653,0.08509795522517641
2017-11-24,0.008472332661071447,0.007681985297904958,0.058542205062935976
2017-11-27,-0.04131681613727681,0.003058094355170837,0.1022084467472771
2017-11-28,0.013459888683321153,0.0003587303272645891,0.32251265926882855
2017-11-29,-0.0519824738272234,-0.03351104306966344,-0.11839717683245013
2017-11-30,0.015409441662786905,0.006448657397179525,0.08971310686105377
2017-12-01,-0.009809231121394285,-0.008346516108271551,0.07311716252133542
2017-12-04,-0.04128844567251527,-0.01577825395343333,0.041432123296873916
2017-12-05,0.011563888080621976,0.004477065627735266,-0.013057869622018782
2017-12-06,0.013735847391282419,0.008909519912098651,0.020517382041298254
2017-12-07,0.016450874715530084,0.008395045091446883,0.03248791638906896
2017-12-08,-0.00352188122525382,0.0034790956449836097,0.07234355514540403
2017-12-11,0.003989784590774065,0.0031918072234428984,0.1804324355312694
2017-12-12,0.004951447267010967,-0.00507484568389791,0.2105636360772473
2017-12-13,-0.012350468180158197,0.004755007513383069,0.005699795341119683
2017-12-14,0.006428050452609413,0.005094894049729338,0.15746317394803905
2017-12-15,0.007405247051796404,0.0072398762033013325,0.005360559533505295
2017-12-18,0.003668304504218095,0.008970612083767949,0.06234958462676846
2017-12-19,-0.013864511486545494,-0.009083398593898395,-0.02919915986110855
2017-12-20,-0.010668375766413413,-0.002707622085464511,-0.017031898038505848
2017-12-21,0.0008514889685840854,-0.0008748389745832032,0.011904666586040837
2017-12-22,-0.004458878401036065,-0.0003068801730425008,-0.16017123447981585
2017-12-26,0.0020561118912677534,-0.00794284852479883,0.05782166378901992
2017-12-27,0.00839758970408555,-0.00020393680688224306,-0.03422285952202468
2017-12-28,-0.004517791345412636,0.007946389928359254,-0.05050654240530486
2017-12-29,-0.004952568373403049,-0.007541225962969999,0.08261705130955597
2018-01-02,0.012400287418824485,0.0255957983638238,0.09172554075010081
2018-01-03,0.023322000251894848,0.012868993895849635,0.09229263280640358
2018-01-04,0.009229119825283794,0.0033546319773934746,0.019103596860991126
2018-01-05,0.03690197301421333,0.014797531060833214,0.06519936658876364
2018-01-08,0.0007993446738855103,0.006568854532328206,-0.08496625911466242
2018-01-09,0.0011109354943845406,-0.002038706931453849,-0.028414741773066444
2018-01-10,0.0004690976477114972,0.0025645623186192346,-0.008808575446836752
2018-01-11,0.01365375972757249,0.009366257005225444,-0.10522001129087946
2018-01-12,-0.0013701875395439322,0.004541067445505353,0.12400506694591897
2018-01-16,-0.011125338913862748,-0.001780821471651706,-0.209422007832411
2018-01-17,0.017663822851154143,-0.001285753337648399,0.010372459956571123
2018-01-18,0.006663858939633949,0.004454519129244794,0.03440772776864609
2018-01-19,0.01795143795393153,0.0023919327348921994,-0.002314966197053381
2018-01-22,0.02215104054624173,0.01799916685257044,-0.05637262566940216
2018-01-23,-0.0018399471966379088,0.031766683182018675,-0.011371776677798118
2018-01-24,-0.00557915122140798,0.0010081232982660723,0.05664963816718829
2018-01-25,0.00995891489700601,0.008510939908556427,0.022154166422761825
2018-01-26,0.012626331621859999,0.011036913627347912,-0.021294439042623958
2018-01-29,-0.011710533720845462,0.0012310754431655421,-0.05849769501427052
2018-01-30,-0.005756818220381182,-0.002591868973699829,-0.11430317076774942
2018-01-31,0.01670233695871387,-0.002666929474818147,0.0035677018512672255
2018-02-01,-0.02533853509171974,-0.006386260236189933,-0.13116443663771796
2018-02-02,-0.023562264202276834,-0.014433029723524938,-0.0829171490769287
2018-02-05,-0.039583468602756994,-0.03961381168486418,-0.16211012573011654
2018-02-06,0.02273661190631432,0.03381157020015229,0.15115438686459226
2018-02-07,-0.0013805547684122565,-0.020199123731388057,-0.037986407234474086
2018-02-08,-0.047773100328534795,-0.0443863596777552,0.0712619769932187
2018-02-09,0.021073408788448822,0.012117604590029663,0.0855936933675494
2018-02-12,0.01270650988068528,0.024647013768813463,0.07842486517613928
2018-02-13,0.015908549666485777,0.002175405286855936,-0.014922942872249113
2018-02-14,0.014647025890592719,0.025839047612445397,0.1582293595348161
2018-02-15,0.024210004442329847,0.023171496945706107,0.05298053486354406
2018-02-16,-0.00037135026837764595,-0.005971135497721946,-0.00421227873193768
2018-02-20,0.00040956319646803796,0.0018518028597874548,0.0070797034149137975
2018-02-21,-0.01390336142825177,0.006689880648432945,-0.06144609961878894
2018-02-22,0.009242754285598925,0.0007505841473704368,-0.06284555473709119
2018-02-23,0.01544656789810342,0.01919950706285425,0.04969662049502954
2018-02-26,0.014745512315997411,0.017131316977716617,0.02385717835591226
2018-02-27,-0.007972211472058344,-0.012945414849639913,0.001871058691600269
2018-02-28,-0.0008307127794933145,-0.005440937751649667,-0.04637345316360286
2018-03-01,-0.011491251015557119,-0.01576913404691027,0.02267248487642404
2018-03-02,0.003963535013844277,0.013193928994268456,-0.02912631499303795
2018-03-05,0.03215128690381169,0.019408772722898027,-0.01683551182454246
2018-03-06,-0.006573607435072154,0.008527440277325417,-0.06764210104851569
2018-03-07,0.010582411131899672,0.0035911736466147873,-0.09386048448882654
2018-03-08,0.009307582291077865,0.001555573576239744,-0.05492546453898884
2018-03-09,0.013951407245862801,0.024734193024270337,0.024177327276965352
2018-03-12,0.0018627715699827685,-0.0012120041879901005,-0.03389385675044934
2018-03-13,-0.011945569495762809,-0.01416474898622342,-0.009710038103052666
2018-03-14,0.020554612358749808,0.006400621522714656,-0.10207415779903627
2018-03-15,0.001593495331007666,-0.0012139760894964715,-0.009216344458612701
2018-03-16,0.003377528942062946,-0.0054774162113397475,-0.009860676120257783
2018-03-19,-0.012310425786951879,-0.028859087324786325,0.0945905640024519
2018-03-20,0.022389402125067015,0.001946668555480669,0.03588247650007288
2018-03-21,-0.008041413146585658,-0.004594871632408903,0.010736519787582433
2018-03-22,-0.03014651998128376,-0.026678301945264195,-0.03494543097994001
2018-03-23,-0.03384647368055385,-0.026364092234304602,-0.0036759546901540033
2018-03-26,0.032893674179306054,0.036690073832495035,-0.06392628133496041
2018-03-27,-0.033164727755142925,-0.043509959896357336,-0.06758176314785308
2018-03-28,-0.026283827864282294,-0.02087536395916381,0.0018109380233826359
2018-03-29,0.025172838315716317,0.025773060885864355,-0.10923165371459712
2018-04-02,-0.018609882453997417,-0.03183479923876971,0.030910688693213072
2018-04-03,0.0012871917337673455,0.009551949420383865,0.08527994544392273
2018-04-04,0.004180210193021006,0.010865289003470746,-0.0913464483520846
2018-04-05,0.015012457297067183,0.016867599167416047,-0.011196950023308783
2018-04-06,-0.037303020594027236,-0.02220920499152117,-0.03093333540196199
2018-04-09,0.008159557076342638,0.005916539624082651,-0.022835052492782282
2018-04-10,0.026078906522491063,0.026030498883211097,0.03300637548061285
2018-04-11,-0.006420671461361355,0.0008869230578971269,0.05447154227900866
2018-04-12,0.01932924545549236,0.00801188083539428,0.15340690162125661
2018-04-13,-0.012133880849278939,0.0004095604729558389,-0.0067374417574859406
2018-04-16,0.0003420189162145204,0.0023214109391525234,0.01258753280343492
2018-04-17,0.02850682624355072,0.040967137268878774,-0.0030904746446024376
2018-04-18,0.015295128485159293,-0.0016176224372216998,0.06778051476417964
2018-04-19,-0.007304964946617254,0.0017574770377040139,0.05308607806245727
2018-04-20,-0.001078057255554432,-0.019303151690828347,0.06634671991120791
2018-04-23,-0.00885554435948574,-0.008632900333481519,0.017035968209873364
2018-04-24,-0.04019207873459643,-0.034347314573233194,0.08389629766143185
2018-04-25,-0.012851218102375633,0.0006380746490931785,-0.11984372093447004
2018-04-26,0.038712901761084606,0.03553186698913766,0.0751896255239417
2018-04-27,-0.007147332999310446,0.0002694205615085606,-0.03245827567834505
2018-04-30,0.005582968813806599,-0.0010975083811224364,-0.03702327242679902
2018-05-01,0.008982234412861778,0.01375072478667634,0.004902745714573631
2018-05-02,-0.0023014371295213,0.007195500298369462,0.023398038665337628
2018-05-03,0.011457721130539056,-0.0029727349212399505,0.0634362304911512
2018-05-04,0.005433463374687114,0.022310580096562883,-0.008604961075682826
2018-05-07,0.015687819376181966,0.01065227632186332,-0.0382392832964644
2018-05-08,0.017559163435062586,0.0014764821254245276,0.0065284475252403995
2018-05-09,0.010661602201578468,0.015198498614340129,-0.012246486796514456
2018-05-10,0.012269891029066282,0.00904001779012955,-0.04695396608163898
2018-05-11,0.0024797290805503858,-0.0030165175383120245,-0.08921398240627704
2018-05-14,-0.006105315569739894,0.0007634429999136883,0.0019223015395257502
2018-05-15,-0.0019130975957911411,-0.01287230792675216,-0.02970268985073865
2018-05-16,0.009178717350890764,0.003444441361105666,-0.013366095937254819
2018-05-17,-0.006768354887636607,-0.003991996995084101,-0.044519821990700995
2018-05-18,0.00508761371388064,-0.005567463508857263,0.008640795364506217
2018-05-21,0.009728841990728598,0.01221318543535448,-0.02671957493068427
2018-05-22,-0.009014638578812378,-0.0032804021490808522,-0.07165765534729285
2018-05-23,0.007317636277705819,0.017091356781994672,-0.0791133585404529
2018-05-24,0.002272707245974198,0.001444998127617092,0.013472640192993456
2018-05-25,-0.003039666470186747,0.0008824031644932174,-0.02010815269818549
2018-05-29,-0.0004625642826006915,-0.0032687663733790063,0.08843303611928835
2018-05-30,0.011730776552595856,0.007092334953001412,-0.0042278155267676315
2018-05-31,0.0008916001468892709,0.00762258517520511,0.02572507802670705
2018-06-01,0.015878332508042936,0.018353215497845056,0.004286159579830362
2018-06-04,0.018651101337577858,0.008063302437624077,-0.043412771958053355
2018-06-05,0.006030239013326666,0.006529588232425488,0.02460208708417264
2018-06-06,0.014967172979090948,-0.00029550212981945825,0.001931100362184734
2018-06-07,-0.02294110347748779,-0.010565257784507877,-0.006775095430224765
2018-06-08,0.010184904574103426,-0.0026200196627250267,-0.014336535106557614
2018-06-11,-0.0067162999272280255,0.005258818276045108,0.015277146755821482
2018-06-12,0.014827886349182084,0.00556866437910859,-0.06082799305244987
2018-06-13,-0.0036613726078060793,0.007214529779650315,-0.05315605523976233
2018-06-14,0.007591236872428769,0.016687903526767613,0.06694821302926966
2018-06-15,0.0019454803461877446,-0.004507992137674255,-0.0405618299143723
2018-06-18,0.012220203001441166,0.006674406081678042,0.034449610052973645
2018-06-19,-0.008636942398532854,0.003959647513932696,0.012554788137765628
2018-06-20,0.01439378173046707,0.013638994712022567,-0.009206835129799319
2018-06-21,-0.005272125296156643,-0.006956614019392449,-0.013283755301605261
2018-06-22,-0.005247465390463613,-0.0051482136821424,-0.11203989002328302
2018-06-25,-0.03921736900736711,-0.03149666638263007,0.008146109890797604
2018-06-26,0.007806110271156019,0.015104918681954939,-0.04323658813776663
2018-06-27,-0.022037508028469238,-0.014397091065716872,0.015239025778946006
2018-06-28,0.01995666206250085,0.011186441315512365,-0.0509066700470287
2018-06-29,0.002288763542873967,-0.006622238019832838,0.04410106022173328
2018-07-02,0.009251475101221651,0.015236914392542865,0.06872917310736097
2018-07-03,-0.011132520453501743,-0.019072789469121634,-0.021368622341335186
2018-07-05,0.020099981298341618,0.016960302243702596,-0.008606147250550623
2018-07-06,0.014640106393936259,0.016393002905063625,-0.0041318197130165496
2018-07-09,0.006324292031265777,0.014855997216050288,-0.01873182455063454
2018-07-10,-0.0041066127790165274,-0.002635699853404394,-0.07198789865590548
2018-07-11,0.008239323421489808,-3.433757909157027e-05,0.01972020843350979
2018-07-12,0.023576257152541802,0.015058938868249851,-0.03370908451691637
2018-07-13,-0.007494450619011106,-0.005463853958833576,0.021609938181812807
2018-07-16,-0.00456174077144908,0.0015191995056277777,0.09938158908928464
2018-07-17,0.012469788428230488,-0.002014861272078328,0.08165013981390616
2018-07-18,0.0031591417153512824,-0.004365295785735146,0.026487511783453124
2018-07-19,0.0012961378020069636,-0.010756834251814663,0.007680076107336965
2018-07-20,0.002781790723743238,-0.0003212655052373671,-0.0633199351208236
2018-07-23,0.008993389575994853,0.0027022763871845214,-0.006589502923843305
2018-07-24,0.00012926083134484623,0.012807531383828842,0.06991084051957173
2018-07-25,0.02247352851564266,0.01407327716373854,-0.020116927847012956
2018-07-26,-0.017028957998047406,-0.04305786018415206,-0.03215651666267505
2018-07-27,-0.026162636517645027,-0.013031580044885605,0.011285320194193151
2018-07-30,-0.03787965113168723,-0.02461747816622666,-0.021699394703087883
2018-07-31,-0.0039014312744634905,0.003264922300729878,-0.061242191435591245
2018-08-01,0.019356243871130385,0.014121092060558671,-0.0034365434910475176
2018-08-02,0.03030809824008801,0.020273762585122458,-0.036024648252252336
2018-08-03,-0.015404658583307695,-0.00045752620976213804,-0.0016290484994156305
2018-08-06,0.01127909373962796,0.017262095442032124,-0.01285794619077676
2018-08-07,0.004317609910721054,0.001190268212154333,-0.04996944903277225
2018-08-08,0.0015941166876277946,0.0024402121184856186,-0.08007975657184076
2018-08-09,-0.004048039470188225,0.002279279144196167,0.046950160465225696
2018-08-10,0.00213430588205199,-0.0096570617745535,-0.06756887376173903
2018-08-13,0.006860414842045581,-0.0009963092869617494,-0.05336420625736032
2018-08-14,0.013908901069653146,0.003785039057552054,-0.03893033886456006
2018-08-15,-0.022207720750003823,-0.01578890691592878,0.010365028213805805
2018-08-16,0.007650586320288588,-0.005661052189695637,0.007590482076945727
2018-08-17,0.0016076817719737901,-0.002646900997680346,0.09621633635109332
2018-08-20,0.006666278779185936,0.00406674505914475,-0.06272981687696673
2018-08-21,0.0008498939478391865,0.005927930617961219,0.027596240940130204
2018-08-22,0.009788192116706895,0.008212991827529725,-0.034150065376646464
2018-08-23,0.006390297789183597,-0.0039608051718988515,0.0284799083425348
2018-08-24,0.01987139914067021,0.016961768715374293,0.01806570856610352
2018-08-27,0.004521068260337047,0.013620730849242159,0.0426363585247223
2018-08-28,0.010927996161221087,0.001330402625532745,0.04517103908757521
2018-08-29,0.026092029522950477,0.012117268861471618,-0.010340155441505771
2018-08-30,0.0032856213117516964,0.004154483899189465,0.027051008257303045
2018-08-31,0.0050588281298535875,-0.004242647720186965,0.10783093027976054
2018-09-04,0.012686860402404299,-0.007424908445125645,0.010288880480591577
2018-09-05,-0.03719203598677878,-0.02456756078073066,-0.12621995829440624
2018-09-06,0.008844978919092805,-0.011959200961797922,-0.007332387818150333
2018-09-07,-0.000502503542400834,-0.00131205010320119,-0.016141130014419417
2018-09-10,0.0033502143680222973,-0.0028953161343351574,0.02818541008280495
2018-09-11,0.01709303762208253,0.01858674531548865,-0.04512286413569538
2018-09-12,0.000207736806291825,-0.0023129831348223545,-0.01001413993778224
2018-09-13,0.0042859897967224,0.004953373868545374,0.05887138429832972
2018-09-14,-0.00100368444475063,-0.005985648763777096,-0.008209786824461673
2018-09-17,-0.021172206136880672,-0.024406220959436967,-0.06955700352161623
2018-09-18,0.01291154918917009,0.01460451926252213,0.029944640307054484
2018-09-19,-0.012619052799543784,0.0028460563684683084,-0.002490874016905753
2018-09-20,0.015289523258820048,0.009080535004777257,0.054733097694986875
2018-09-21,-0.0021503313743490293,-0.01459552944373437,0.055236669146353945
2018-09-24,-0.00209025032655083,0.01398861767184414,-0.05069033959178932
2018-09-25,0.02980773971161821,0.007096214945568092,-0.018726426565080476
2018-09-26,-0.0025471357850040677,0.005677609501873616,-0.004931360073952429
2018-09-27,0.007512928178863981,0.013978370946753494,0.05957799241740061
2018-09-28,-0.00019113044270541169,-0.008900621621118111,-0.015516278214800016
2018-10-01,-0.00263180069467997,0.002989077252664685,-0.007049604982992186
2018-10-02,-0.004447535396213009,-0.0075790983415896076,-0.014042354103147827
2018-10-03,-0.00047593605844170606,0.005024171975143088,-0.02365840025305779
2018-10-04,-0.026748267172014145,-0.025352183706721633,0.006218422096714128
2018-10-05,-0.010173851127742883,-0.015556922044643274,0.012892007938456063
2018-10-08,-0.04107253719081924,-0.006619629845125275,0.01389077350767325
2018-10-09,0.0012576037718054767,0.006256750371861597,-0.0024300052551431417
2018-10-10,-0.06687450299653105,-0.05570474884340006,-0.013312824171568871
2018-10-11,-0.03191843380481779,-0.006497105559573257,-0.11836982448901189
2018-10-12,0.05200601861401111,0.03257323284441922,0.034625766219505354
2018-10-15,-0.015927171973003112,-0.014907056345140847,0.04638941199936296
2018-10-16,0.04527051124939191,0.031848403948064784,-0.00860889358034418
2018-10-17,-0.002793565626175387,0.010799534190488203,-0.017295898415410772
2018-10-18,-0.027800044030988097,-0.031970780752932075,-0.025082145860508255
2018-10-19,0.021014741964854367,-0.0061649322332269834,0.007612185907035163
2018-10-22,0.010112045765696909,0.004699884396765985,-0.009515985817718665
2018-10-23,-0.003982159553208214,0.0020081118064326554,-0.010819948993448314
2018-10-24,-0.04596777017940315,-0.05948837921562567,-0.012811543010506821
2018-10-25,0.04573357703820674,0.04209181112144709,-0.014146401768234807
2018-10-26,-0.028682797730399112,-0.03889550912329438,0.013891180396546066
2018-10-29,-0.03418520608686701,-0.038660592723996114,-0.04365230962188396
2018-10-30,-0.002883822890147686,0.008848826998070814,0.0008195094769589683
2018-10-31,0.050085627683472245,0.0406318416340274,-0.0037723896905047074
2018-11-01,0.02158879540173325,0.020680596610614877,0.010725242338675311
2018-11-02,-0.00547544300339009,-0.02397745228018482,0.010926214033204242
2018-11-05,-0.006922939489487884,-0.010240458087109739,0.0001920627716312849
2018-11-06,0.012869198642179003,0.005439350934714637,0.03573016444743625
2018-11-07,0.04652450438831912,0.04002264794672122,-0.01497405667446088
2018-11-08,-0.01883912879583466,-0.014660812337236708,-0.032254249547567525
2018-11-09,-0.01899883737048308,-0.024967493374763984,-0.02643958238275668
2018-11-12,-0.03530266892772399,-0.034824279924148965,-0.012317546623716959
2018-11-13,0.00562682611169385,-0.001903349603780469,-0.021620952181803155
2018-11-14,-0.007176359235393448,-0.010578276277798839,-0.10895675879365731
2018-11-15,0.03001611764008988,0.012751314426951856,0.0010298922254819538
2018-11-16,-0.02032256283219877,-0.010478842417867673,-0.026993404440068394
2018-11-19,-0.06344955354745041,-0.048044717908951866,-0.13270660972749201
2018-11-20,-0.018438098349576493,-0.012613252440076406,-0.10491929957009476
2018-11-21,0.011502174701158052,0.004945893653490585,0.056937778986853135
2018-11-23,-0.009831015886907796,-0.016682906422589273,-0.014333913935147557
2018-11-26,0.03953029689255777,0.027506908363485218,-0.056153506644215166
2018-11-27,0.002349736580465417,0.0009060687030632677,0.019114522227840335
2018-11-28,0.04976754845395148,0.04190196957267358,0.1141259199897589
2018-11-29,-0.016065377029098438,0.0054825965319428745,-0.012578464540258995
2018-11-30,0.014032698446382913,0.004126950614817205,-0.05061720347772842
2018-12-03,0.031085234763458647,0.02246342994879873,-0.043580510606344026
2018-12-04,-0.06187897383102803,-0.04526653552638424,-0.013367582329020179
2018-12-06,0.02071358613116414,0.0125642240366197,-0.07689039196877145
2018-12-07,-0.042564616885818835,-0.03720737652717077,-0.02050277286332509
2018-12-10,0.020527697967532288,0.013832060872917662,-0.03324428366456438
2018-12-11,-0.0068781483648144015,-0.0019339324179598273,-0.022533375213411345
2018-12-12,0.01590524912689295,0.015589031049184498,0.02249044090781758
2018-12-13,-0.0028330880737352238,0.0032333750140598467,-0.03922318005982433
2018-12-14,-0.01637078557993621,-0.026761384495989037,-0.01641282955691481
2018-12-17,-0.032308141527924966,-0.023625512102488314,0.13381805548926545
2018-12-18,0.01339554797499437,0.020745682468295848,0.050517029600401386
2018-12-19,-0.01653301741341698,-0.03260366945828577,0.0015477192165586297
2018-12-20,-0.028341042329965344,-0.015944544520598417,0.10035305953508163
2018-12-21,-0.047548147438405824,-0.049482821620990367,-0.041969820379941215
2018-12-24,-0.017317425026747546,-0.023776322265799024,0.023455209672458982
2018-12-26,0.07520454070713906,0.08013161662517083,0.007870815448417013
2018-12-27,0.014332749257112198,0.0005483172113289967,-0.08061908882123425
2018-12-28,-0.010496466677461291,-0.0014934699276693442,0.11324244885982099
2018-12-31,0.0033414553533051006,0.005543916635884095,-0.03718542124066418
2019-01-02,0.018630073866236607,0.01885717223880068,0.04844923124694489
2019-01-03,-0.04963828592541,-0.030958336607642092,-0.036573392230125366
2019-01-04,0.059928733765899855,0.05556877730618797,0.012124285378610745
2019-01-07,0.02104669045279134,0.020105430541561088,-0.02674240177529821
2019-01-08,0.016736235178351044,0.0171492195874678,0.00877301581984895
2019-01-09,0.021033741272002415,0.0055210987381578034,0.012584529455466908
2019-01-10,0.006516620569133713,0.0019256974420490903,-0.11453784699404222
2019-01-11,-0.0029296171276119443,0.0007835231789777633,-0.012318104969795463
2019-01-14,-0.005721663469097776,-0.007780404296651589,0.07024022575703472
2019-01-15,0.006234648314686786,0.03449465217136543,-0.032512117249536336
2019-01-16,-0.0005997625512494664,0.00018595777330601142,0.017259225365052002
2019-01-17,0.013005573289966654,0.0063535968861188515,0.0006295200223760175
2019-01-18,0.019266519031443052,-0.0029476685611815154,-0.012387864235941206
2019-01-22,-0.024932158292654633,-0.03003830463505555,0.006054162082801074
2019-01-23,0.005894230038294618,-0.002608425612790866,-0.005751211788858134
2019-01-24,0.025573009643768074,0.006769503190569792,0.00577114670543315
2019-01-25,0.02405184717213399,0.022176235754346952,0.005648191168507122
2019-01-28,-0.0182139960076331,-0.012932229627342109,-0.04682290898778561
2019-01-29,-0.031574308660523326,-0.017396535417321845,-0.008736745241842559
2019-01-30,0.025604079832401982,0.04493549505660593,0.025291322703645893
2019-01-31,-0.005486062640689959,0.0333690966474588,-0.0169227259460264
2019-02-01,0.01286790969872445,-0.013507361595963044,0.010897473415917135
2019-02-04,0.011280744180032554,0.020433148102854837,0.002202190519884173
2019-02-05,0.007986524747781665,0.013416917471973287,-6.830494456679937e-05
2019-02-06,-0.0024398733590850485,-0.009059221072437352,-0.02431904449671789
2019-02-07,-0.010368025948423065,-0.020536986257508504,-0.0034759669978291943
2019-02-08,0.0105415372263582,-0.0011635941076397088,0.141580868144696
2019-02-11,0.008093821107523158,-0.0025845415746367454,-0.03270024971808976
2019-02-12,0.013133513012561049,0.01908738616167891,0.005274065359928359
2019-02-13,0.0037578043802879157,-0.006195704909828148,-0.013648434255917706
2019-02-14,0.00029367174311212274,0.004063597774463346,-0.006891956134330979
2019-02-15,0.005297928639382804,-0.00833170000143566,0.007900764529342253
2019-02-19,0.0019709415569925948,0.007092648909374955,-0.002133750234247844
2019-02-20,-0.0016642367646057254,-0.0004789133513489086,0.032010456500676694
2019-02-21,-0.00772003832331411,-0.009204083048260927,-0.03277350454536569
2019-02-22,0.015888785112652182,0.01134434572437737,0.017350172576432232
2019-02-25,0.005661421704896252,0.005723619585096796,0.029691438557855807
2019-02-26,0.004667104016756213,0.001267935829651523,-0.011138302148718204
2019-02-27,0.008893257152940814,-0.001347018108554199,-0.003925138060666989
2019-02-28,0.008308999540195372,-0.00565103519143515,-0.00016637605661458095
2019-03-01,-0.004641454930824684,0.010139878307035244,0.00779684323843688
2019-03-04,-0.01821834510137904,0.008061313677150595,-0.029999006135632913
2019-03-05,0.00418564494898005,0.007950938257992335,0.06629200517670042
2019-03-06,-0.005276832433213946,-3.0976788310544286e-05,0.009467675171751533
2019-03-07,-0.008162418014735107,-0.0175092578205291,0.005590034396873934
2019-03-08,9.676333934938164e-05,-0.0014926078258677756,-0.011009418075715406
2019-03-11,0.018149340171284778,0.026160682116653834,-0.007456595781731279
2019-03-12,0.007855351266749577,0.00414812781767322,0.01028853471983715
2019-03-13,0.010813202857867299,0.007651185845442932,-0.007685017960151686
2019-03-14,0.0017432153132312667,-0.004429430521950173,0.011552881413383665
2019-03-15,0.0057803306879202765,0.002433725665901765,0.025657184659636293
2019-03-18,-0.007560464728686739,-0.0008821487686209605,-0.0025387574603848778
2019-03-19,0.008956043351458332,0.0023098401368281344,0.013986807242863898
2019-03-20,-0.006225499786039923,0.023386992632079016,0.0038373240744483013
2019-03-21,0.0253341029597699,0.013404506757918223,-0.01780227889563568
2019-03-22,-0.027515452775907112,-0.02567823417985613,0.021422040374965
2019-03-25,-0.0017250563755102921,0.0021618472888947473,-0.018499322159017395
2019-03-26,0.008706769112984764,-0.003810952638995202,0.0136019876477947
2019-03-27,-0.0061366618461516365,-0.008240585892015996,0.042852583019043336
2019-03-28,0.009658807549768555,0.0005037654424987937,-0.012893816280268268
2019-03-29,0.005237945989719522,0.005336030584025542,0.024209078003141697
2019-04-01,0.01445577059640285,0.01723355153952504,0.046767624813078126
2019-04-02,-0.0021631479323727665,0.010878455093791263,0.1805035642081738
2019-04-03,0.004173822835467245,0.003124978432933468,0.062075012905240444
2019-04-04,-0.012787159059391429,0.0037037062818985117,0.02055604397063322
2019-04-05,0.005375525760806743,0.00044696808141300146,0.02578966287102309
2019-04-08,0.0013342508004675624,0.0006443655095643933,-0.02556202079697092
2019-04-09,-0.0008430464921874437,0.002167375452871601,-0.03207273909502633
2019-04-10,0.004669243252113986,0.0026640256439015796,0.034221487227398754
2019-04-11,-0.002391734083833086,0.0001685615913075145,-0.0728120352126719
2019-04-12,0.009998663411720954,-0.005219468442769904,0.003223453108633523
2019-04-15,-0.0022322278474683765,0.0005124917842305178,-0.03262769709943525
2019-04-16,-0.0021766311700853747,0.008125481126790656,0.02678179150762765
2019-04-17,6.265844334801818e-06,0.0026770620850647743,-0.008640878948234244
2019-04-18,-0.010660201774331274,0.003147988387262868,0.023343838712663524
2019-04-22,0.007774550414597264,0.018684280722473457,0.017757346125528973
2019-04-23,0.0021897205820239907,0.014091605841485368,-0.010429073272063083
2019-04-24,0.0009025704952248803,-0.00961293588097738,-0.03203889747403184
2019-04-25,0.008746133358907587,0.007833664026740527,-0.04518916337600611
2019-04-26,0.0008999840429061434,0.007637405476491077,0.011351760113159526
2019-04-29,0.010685715949521946,0.003713008861821221,-0.025769401195792744
2019-04-30,0.008600615626994157,-0.022222176513045457,0.05295303271934491
2019-05-01,-0.008983524455346475,0.008123416000193198,-0.004507339529644594
2019-05-02,-0.027095845429658566,-0.003919951198344784,0.011552720379094385
2019-05-03,0.010327818841329384,0.019035995914634764,0.0439802440263525
2019-05-06,0.005044908769951145,-0.008427853967470924,0.00026907371565867305
2019-05-07,-0.017389856986766844,-0.01905064568327495,-0.009657608280182474
2019-05-08,-0.003025653930722655,-0.005990083996082363,0.008220126641725757
2019-05-09,-0.003419337176276349,-0.006121087880168851,-0.0074922696147489585
2019-05-10,0.0039401012747015685,-0.005615952682846226,0.024879975871466134
2019-05-13,-0.033338256040716385,-0.04036478177485317,0.057909978920624106
2019-05-14,0.0216330957483028,0.0024275512448913806,0.08724522868167654
2019-05-15,0.01712018998479059,0.02541955720562248,0.09301917252726163
2019-05-16,0.017283539107945556,0.008777713797790066,-0.02704832412692744
2019-05-17,-0.00867939193365172,-0.012717387950146986,-0.0669714587376618
2019-05-20,-0.004963905063627816,-0.017770952182176548,-0.03417244429687858
2019-05-21,0.009308751142863336,0.011549509313690543,0.004745151034794537
2019-05-22,0.004033147790538039,-0.00013596197511647244,-0.04788514879351271
2019-05-23,-0.026965734238169503,-0.018943753120666762,0.017012524850979774
2019-05-24,0.007190157702128663,0.0005958741738524731,0.03280437688170457
2019-05-28,0.011866804012475751,0.004108879896676099,-0.004919471321561542
2019-05-29,-0.014844084915776684,-0.011270851158588214,-0.008545763156079201
2019-05-30,0.005489219216669394,0.00306535753529964,-0.034465432349888796
2019-05-31,-0.015436023620412548,-0.02179098031119173,0.04915707849461209
2019-06-03,-0.02858473602947509,-0.04235733432108146,-0.0657910298256615
2019-06-04,0.03214387669801899,0.029033363938693265,-0.054959942111988805
2019-06-05,0.02298267844123686,0.004562558744719158,0.015403275004941585
2019-06-06,0.009532096977439342,0.006252267334908224,0.017044714424040607
2019-06-07,0.027117718501493082,0.022918976029728408,0.02523816057093065
2019-06-10,0.011714439219743633,0.008179849861998314,0.0652372910230195
2019-06-11,-0.00551155562754968,0.0056938029881174355,0.011095394933024383
2019-06-12,0.0029549057473692575,-0.008512153099314523,0.03731917443187978
2019-06-13,0.0027677023501576636,0.006095561784969039,-0.0214516053995772
2019-06-14,-0.0016961419652064824,-0.0009244191809365083,0.025227595776421863
2019-06-17,0.0033693589173288963,0.01921643411640055,0.010272387993362676
2019-06-18,-0.004547631587105194,0.011604022078018117,-0.0243429211033233
2019-06-19,0.008446333150885388,0.0025037749701594335,0.011819566914272484
2019-06-20,0.020605669409419047,0.006924336136939502,0.0017184844420574663
2019-06-21,-0.013070352122865031,0.004833290465434348,0.04399091266089924
2019-06-24,0.001426652048404503,0.0012579521428423004,0.008661206014592393
2019-06-25,-0.02320599826303721,-0.021523744124722022,0.019194110448740313
2019-06-26,0.0008691029035472198,0.004644674435355879,0.025166509334308196
2019-06-27,0.0036223652541858553,0.006185981123068962,-0.10359898855543381
2019-06-28,0.011400907460849596,0.00013935528077997346,0.059690699629833865
2019-07-01,0.0077361312878296284,0.014292033942552873,0.0012220979060481695
2019-07-02,0.010710124634636609,0.007385850741629386,-0.011375926266614302
2019-07-03,0.008491501279396019,0.009368304291499464,0.04650326645682625
2019-07-05,-0.001618791592784774,0.0006436515009233146,0.031842843893849705
2019-07-08,-0.005159330063904316,-0.008988718614198721,0.021423579443926876
2019-07-09,0.02273927113176888,0.011561403986844309,-0.010634057936332942
2019-07-10,0.00802612866729363,0.01215509170242024,-0.060257947620506645
2019-07-11,0.010129893096586351,-0.00488510484250133,-0.06764084503967403
2019-07-12,0.008395456544979474,0.0030111042940716756,0.038833713624669385
2019-07-15,0.0011590105309650933,-0.0005297302044040772,0.022501736554450823
2019-07-16,-0.011265814693212167,-0.001712133707302854,-0.12019321035191369
2019-07-17,-0.0024038935372339143,-0.007946271441426834,0.0696289449448945
2019-07-18,0.005913817177308434,-0.020605315845183415,0.07799515372819146
2019-07-19,-0.013209974142364411,-0.015693827628473912,-0.012800949576633892
2019-07-22,0.0049314901516039344,0.009178608080980923,-0.031244353526815937
2019-07-23,0.0050382081040517,0.0019478545855824653,-0.04310590620474326
2019-07-24,0.011467906082044066,0.00819899085026139,0.02443470940101147
2019-07-25,-0.016807455971917656,-0.0029356627089247586,0.0016285437127623317
2019-07-26,0.011528352687066423,0.019266208448815103,0.015404035756969293
2019-07-29,-0.014652733388317712,-0.005939631756855613,0.0027484794844145678
2019-07-30,-0.003103230079699676,-0.007289155211904986,-0.0013909125290012983
2019-07-31,-0.014381374083255932,-0.005956556901542798,0.04183325646183294
2019-08-01,0.00681577901873448,-0.009968279395998116,0.00655816416644519
2019-08-02,-0.05055047201863197,-0.014337211864793442,-0.014308677503450773
2019-08-05,-0.049002162465403926,-0.03897494558400916,0.0452208098399654
2019-08-06,0.01528015049496953,0.014013314037119784,-0.0410999477375313
2019-08-07,0.013937499527391373,0.0005604465927276931,0.002062591897718535
2019-08-08,0.020038212314065218,0.0271443565819844,-0.011266011597194692
2019-08-09,-0.01339583724425178,-0.014934324875166261,-0.04196863488536293
2019-08-12,-0.023960586603184342,-0.006987790192339594,-0.02449176697362634
2019-08-13,0.018623289720052005,0.02120279616125118,-0.0195432749969209
2019-08-14,-0.02629353189775374,-0.03607793473578345,-0.08475061388862844
2019-08-15,0.014440308951891634,0.0024167363982371846,0.004240402425560096
2019-08-16,0.011305794379264433,0.013918725988656445,-0.0056312403137702485
2019-08-19,0.013950817903856105,0.017401554138556995,0.026247586113092105
2019-08-20,-0.001035056551147967,-0.013838767803743024,-0.021381982723368043
2019-08-21,0.016438969798480862,0.0049609732865951274,-0.042283415453227446
2019-08-22,-0.007391020008017779,-0.004589491595073292,0.01801930229146367
2019-08-23,-0.03164451057313375,-0.02984210478549092,0.01641151170689539
2019-08-26,0.01502909909187844,0.014790358900132718,0.013446478560094954
2019-08-27,-0.0037292896572705403,-0.005357993796785677,-0.011685992657933242
2019-08-28,0.003657244405323057,0.00307749499348744,-0.061333733471248555
2019-08-29,0.013214959843657503,0.01722939473020908,-0.030702325048277326
2019-08-30,-0.005439502865930812,-0.004115082431745809,0.0049740029733304604
2019-09-03,-0.010803570806959234,-0.011532937646765596,0.01955013354454334
2019-09-04,0.013237715573660103,0.013795719807074303,-0.008069752059241788
2019-09-05,0.023525339092520026,0.01845599299395828,-0.024523338853827247
2019-09-06,-0.006533194143401644,-0.0074835109823241375,-0.010883468595203661
2019-09-09,-0.025053568031373014,0.004728015633707972,-0.00558183792002529
2019-09-10,-0.026447924203215345,-0.005013672232518651,-0.007716618114100471
2019-09-11,-0.00766121691534169,0.010867347460198528,-0.012162139113786054
2019-09-12,0.012291157217816567,0.003549967239141294,0.009372557990326548
2019-09-13,0.0009346587197905099,-0.0002198912030562331,-0.00015943436510763585
2019-09-16,-0.0008333765507235469,-0.004541107811302947,0.013509270470016089
2019-09-17,0.006017659292169797,0.006940875230593236,0.03619440315622742
2019-09-18,-0.006274641484039695,-0.0026773913333098197,0.03788621889948374
2019-09-19,-0.00025168177195486474,-0.0016501804513575414,0.004719351856363496
2019-09-20,-0.01535826956649508,-0.01867766554492023,-0.012871114541714478
2019-09-23,-0.0004337256224678787,-0.006281786673659218,-0.05127021125000335
2019-09-24,-0.0023271709115773864,-0.022712364225092707,-0.14763811529372386
2019-09-25,0.007785740395839735,0.020306246383438656,0.013731992595939713
2019-09-26,0.012683758461650763,-0.00892292139799933,-0.03061836793724744
2019-09-27,-0.012691637236385195,-0.008666283116029171,0.028699639174234504
2019-09-30,0.008774232393533254,0.009643507096267045,0.04410618486488578
2019-10-01,-0.0023452149186580507,-0.003050212494402071,-0.0035036238947331105
2019-10-02,-0.025365868801625946,-0.01486353750809175,0.00840887890500508
2019-10-03,0.019585807878476413,0.010603148591433964,-0.017065440221913697
2019-10-04,0.01627875089350761,0.015381277627279834,0.011807847074756662
2019-10-07,-0.007544380620452734,-0.0006417425971991797,0.04011395900338597
2019-10-08,-0.019570519610905585,-0.01340824773488396,-0.005671314551017481
2019-10-09,0.015695745542318895,0.006377686786600756,0.03769510261908864
2019-10-10,0.0023828916044669746,0.013881532647715501,-0.016707666022293434
2019-10-11,0.00496318537268714,0.013166659222295162,-0.024633887235020267
2019-10-14,0.0030533784638619443,0.001956102323081632,0.017830491383652936
2019-10-15,0.01809476016366257,0.012408680198091515,-0.029617945865639265
2019-10-16,-0.007302402744680497,0.0029466659234670626,-0.0145042225457281
2019-10-17,0.0013457528488818316,0.009090277567153927,0.026455740961251584
2019-10-18,-0.025910890958282168,-0.021041696020759094,-0.0241429558608131
2019-10-21,0.007756249989166464,0.013039859432912282,0.001794282483151144
2019-10-22,-0.03934139743307097,-0.01929313419686514,-0.028774498311449383
2019-10-23,-0.003901993155924738,0.012594252102598126,-0.05866572919358862
2019-10-24,0.05101632869703604,0.003211795507783233,0.011413221408783737
2019-10-25,0.013418193325876737,0.006641055309055699,0.1131101578469378
2019-10-28,0.0063663216344878315,0.013026981887133894,-0.01430721959994503
2019-10-29,-0.00964973513653683,-0.011325226825761446,0.02385782003692092
2019-10-30,0.007732428446369122,0.00800189201080428,-0.02517040470405054
2019-10-31,-0.009626752378278841,0.004919207254454893,-0.0013406550013554952
2019-11-01,0.011782534490167251,0.011266702655335692,0.005258864314243961
2019-11-04,-0.011082805944901991,0.010691010356409337,0.022696626395063292
2019-11-05,-0.02012994692046688,-0.004152837974683777,0.013120263529672683
2019-11-06,0.0016225614676905753,-0.0031603592795607987,0.009024611706137444
2019-11-07,0.017219786574626833,0.00292041477711007,-0.011773059248145512
2019-11-08,-0.002439622176858114,0.002401973596226914,-0.029702126759304125
2019-11-11,0.010971717482499754,-0.0011721582020789213,-0.024680035069018037
2019-11-12,-0.009931264951068303,0.004116683236450802,0.004378745398797391
2019-11-13,0.0005322934431646609,-0.008625407960476927,-0.0030359100534853136
2019-11-14,0.011743780274039772,0.0055008074094713205,-0.012811411006973028
2019-11-15,0.008911178744118176,0.009909224722180567,-0.01409496931740606
2019-11-18,0.0028539611928085906,0.008165869261621439,-0.033043106043049164
2019-11-19,0.013720495345332429,0.00016270455239075782,-0.0180606458868412
2019-11-20,-0.0004011320627018422,-0.0046579986126283005,-0.013243300684270888
2019-11-21,-0.006289741822103928,0.0020376024419685337,-0.06539189771632135
2019-11-22,-0.002443136356711867,0.00045353004527148866,-0.047587312817146614
2019-11-25,0.01447941207854847,0.01268126844802673,0.008662865751386284
2019-11-26,0.010486361428034663,-0.0012569048963225748,0.01740089645088454
2019-11-27,0.010951095859397575,0.010883363691951066,0.03250212637594357
2019-11-29,-0.00023181508236200243,-0.0048047508764409,0.04424117915988158
2019-12-02,-0.020804105598400124,-0.01174860661334356,-0.026215189646454907
2019-12-03,-0.0007191106547215498,-0.007322182866749549,-0.005751465919019161
2019-12-04,-0.0004915195734359057,0.0030365051345059963,-0.007827780140009132
2019-12-05,0.0012917722297802192,0.001814547005031453,0.013131614969210581
2019-12-06,0.002735337670302984,0.011498415537006857,0.006833790059081003
2019-12-09,-0.004467375626565601,-0.005344534631496135,-0.022436936734323298
2019-12-10,-0.006316609850768984,-0.006306994158908341,-0.0123345988872134
2019-12-11,0.00429063716691816,0.007880919763541173,-0.01001987370098807
2019-12-12,0.004186923743584037,-0.003353921611002764,0.0049096047206377506
2019-12-13,0.00760206867054794,0.0002483832667245612,0.002367064190258428
2019-12-16,0.013079484010586062,0.013907572479566222,-0.050819198791052865
2019-12-17,-0.008350901457715026,0.009884498502178941,-0.06957507161838723
2019-12-18,-0.004107698961456879,0.005228072896302028,0.09410593021093311
2019-12-19,0.004346116999154492,0.013127007549694713,-0.024327807396231263
2019-12-20,-0.000971329041020208,0.001125954775196614,0.002126529592666926
2019-12-23,-0.005782822655597097,0.0015357306407296045,-0.02689786726058581
2019-12-24,0.005660310830256754,-0.0018703964824872798,0.003852949457969524
2019-12-26,0.006357014834714736,0.01760433359800109,-0.0019004303157919456
2019-12-27,-0.0002754503267891617,-0.0029578004402547767,0.0007851041132471707
2019-12-30,-0.015605074635478083,-0.010259751299429666,-0.015893516650581165
2019-12-31,0.00431111690938174,0.0016821695265774484,-0.02091553294712827
2020-01-02,0.019433800245602817,0.02336474237772768,-0.027468437929387288
2020-01-03,-0.012201233182990406,-0.009327776466422156,0.05472995660409766
2020-01-06,0.0014942437513767448,0.020090588798078058,0.04705939130508573
2020-01-07,0.005624782331746625,-0.003478993015125753,0.008945681882762103
2020-01-08,0.024881551658877843,0.010316153254728457,-0.0234103732271584
2020-01-09,0.007907257903870868,0.008092134002389728,-0.013741046733621755
2020-01-10,0.0032656563561513363,-0.004296851220721232,0.0416661860361883
2020-01-13,0.012782949642317298,0.01628895676136928,-0.015169869359585267
2020-01-14,-0.00584699583179632,-0.009222874275037762,0.1157027683036188
2020-01-15,0.016467619325506888,0.0019415356893859982,-0.0043638432683100305
2020-01-16,0.004495047695180665,0.00610203827562188,-0.013072915690948173
2020-01-17,0.007890977634861435,0.005482173038457483,0.05561359437208542
2020-01-21,-0.0016143281950915245,0.0006894136472280102,0.01635943507144946
2020-01-22,0.0024417573172265394,-0.00715335066866556,-0.0064482228372515936
2020-01-23,0.006342731179191263,0.013772107831576697,-0.04042504076297633
2020-01-24,0.0017668859083082855,-0.005017499998773967,0.009149298629563263
2020-01-27,-0.014291691032511905,-0.0226840353400529,0.040167776358419
2020-01-28,0.021273728161253724,0.01685181316509481,0.0506681259660017
2020-01-29,0.007370331449516265,0.007612730992918658,-0.007319993254502788
2020-01-30,0.007887817743527786,-0.008876330356627672,0.056289918857451986
2020-01-31,-0.029250609472630085,-0.0061880929446861185,-0.021017927160612394
2020-02-03,0.03210132466736315,0.015782533993862403,0.0007776912411843862
2020-02-04,0.0180940610724033,0.018135583820818944,-0.005883823748355566
2020-02-05,-0.0100214609262049,0.0015388297691545814,0.05615892870345518
2020-02-06,0.0017743364903627379,0.006573327334397617,0.019897358287905842
2020-02-07,-0.003229788804855721,0.0012470548053122867,0.022609422051231665
2020-02-10,0.013254288616563081,0.013417357502759453,-0.03678132614748502
2020-02-11,-0.005378888541690413,-0.0036133068069803547,0.03756617260898394
2020-02-12,0.006396883235562534,0.01372698026028667,0.05681551368227682
2020-02-13,0.008757357488373307,-0.0002713716428611736,-0.005533774399225111
2020-02-14,0.014843438785928031,-9.651262671730444e-05,0.035080489162118235
2020-02-18,0.0015848862884773884,0.005431643116071472,0.049228217901443785
2020-02-19,0.01678537678938824,0.004000733025827774,-0.07205904437286387
2020-02-20,-0.0040048080977668765,-0.007497480560083459,-0.0013866102855597969
2020-02-21,-0.01883113833721381,-0.021566830286376296,0.01907374995256732
2020-02-24,-0.039319277729737284,-0.04136642111855378,-0.03694490883047546
2020-02-25,-0.05380632797227783,-0.023961159648062072,-0.048609946795398824
2020-02-26,-0.008588208105452688,0.01592600981417447,-0.09317252049995871
2020-02-27,-0.013662957640216689,-0.04576986720096415,0.001374556007883654
2020-02-28,0.01982904555624243,0.008201670306947384,-0.015543839005442827
2020-03-02,0.03141352302948694,0.041332709330763204,0.04790453271005655
2020-03-03,-0.03379877045809043,-0.03532895200908786,0.005402776174790059
2020-03-04,0.03443674631224347,0.037332392083205074,-0.010303668763125096
2020-03-05,-0.03522945632689253,-0.03420360610186215,0.03449947280117551
2020-03-06,-0.019495883423610083,-0.014364084752930807,0.017285832112083253
2020-03-09,-0.08644465365679077,-0.0658166053148613,-0.015138251190543617
2020-03-10,0.06037828009460755,0.05785946003020684,-0.0018487559252055698
2020-03-11,-0.05385771218114219,-0.042352939308469534,-0.0239447634654097
2020-03-12,-0.09461474619873869,-0.09176041557206656,-0.3676516711551353
2020-03-13,0.10561297772464823,0.09210140340244069,0.16276772627505856
2020-03-16,-0.1787201845175637,-0.11297978589648293,-0.09064814495597713
2020-03-17,0.048870066750884344,0.05213830245124913,0.027970285466384585
2020-03-18,-0.07129108827472402,-0.008886654463599021,0.0007724083706989623
2020-03-19,0.014771058709719287,0.022222676833170075,0.17317136910106784
2020-03-20,-0.057900177218522336,-0.0286762699034586,-0.017418338899691802
2020-03-23,-0.01833193523390686,0.012776126829055356,0.07974691175206315
2020-03-24,0.14937268242877755,0.05730086188331889,0.03708151612693218
2020-03-25,0.06050190138076844,-0.027661054679259323,-0.018535261138343074
2020-03-26,0.04731863446981499,0.05041641908455734,0.018988349008545537
2020-03-27,-0.05431879662280567,-0.034488480041199,-0.03295159828644221
2020-03-30,0.029729341884262572,0.038206691454103714,0.06249415749825312
2020-03-31,-0.033332970507213316,0.004558885452501649,0.004487946996124669
2020-04-01,-0.06371893415285454,-0.039979768470050046,0.016823687327175294
2020-04-02,0.01876367408698859,0.0089572196256416,0.026566025182629273
2020-04-03,-0.025109618184026572,-0.01804966387220759,-0.00039680158510453374
2020-04-06,0.12120466327029028,0.06829331204520087,0.1030219866899461
2020-04-07,-0.010254774992111804,-0.001114178911797858,-0.007099751526532039
2020-04-08,0.0658161098738207,0.018288014435089962,0.02907466922309996
2020-04-09,0.00826887245068883,0.0022621785001775588,-0.0024740520612754452
2020-04-13,-0.010895085502478252,0.030302695734744246,-0.022796021918781165
2020-04-14,0.036682554340521534,0.042009966317513615,0.0006346885882377196
2020-04-15,-0.03335517124447113,0.004274568151634673,-0.02762382158880985
2020-04-16,-0.03126929908352016,0.015295644552740196,0.07976974040824585
2020-04-17,0.0493661118724949,-0.006245480989177921,-0.0016017788389379728
2020-04-20,-0.014881227756611298,0.0004205960768142397,-0.04383661603650555
2020-04-21,-0.037645276323064636,-0.029487713015895145,0.0034837556324666566
2020-04-22,0.055498378737345866,0.026685163341185536,0.03713495308398995
2020-04-23,0.001169345496589591,0.007642498099809814,0.04220466074145027
2020-04-24,0.015605282933973674,0.012089689954461691,0.028093166724007412
2020-04-27,0.020417619888668415,-0.007848599433417758,0.001661513100842127
2020-04-28,-0.017320920824922426,-0.027976630653353943,0.008591790500790576
2020-04-29,0.06490107212476559,0.045321624609921424,0.09217405290727317
2020-04-30,-0.015376542348950528,0.028704410157719806,-0.04269737881754467
2020-05-01,-0.02260473598078433,-0.027393152568161192,0.03420141306005103
2020-05-04,0.010004776553425465,0.01530491286461344,-0.004885819674619185
2020-05-05,0.022776480964173007,0.007572497688267243,-0.0031804711326244746
2020-05-06,0.010908664970214477,0.009932440844251489,0.0049322684577882475
2020-05-07,0.06932855542106964,0.01104917302002768,0.04486701855532385
2020-05-08,0.009274417115526429,0.007930879552315862,0.0025848383776836846
2020-05-11,-0.008516588020422544,0.010959210531330444,-0.011515768637857594
2020-05-12,-0.01758985923165715,-0.01701622940891807,0.02411722418977851
2020-05-13,-0.006130140021520181,-0.007357997067749845,0.03475544144366323
2020-05-14,0.029124489358291428,0.008223624997369283,0.01949375850880735
2020-05-15,0.014464449836556925,0.012419248765210568,-0.02760527908310184
2020-05-18,0.008965620584543477,0.008857649475705156,0.027163222652192065
2020-05-19,0.005530292159227679,0.001823381516975497,0.007474338861983966
2020-05-20,0.031502222921549417,0.02364427106269236,-0.013524715606298353
2020-05-21,-0.013933083380125721,-0.009376818082607841,-0.043550599033089575
2020-05-22,0.00459578735694588,0.0007538539946888805,0.03395052149425797
2020-05-26,0.0022123585653886224,-0.010160093656779902,-0.013717530614388209
2020-05-27,-0.004953954109726183,-0.0007838219991223913,0.029932820355517586
2020-05-28,0.004817646364801614,-0.0074240750105927025,0.05716751935596336
2020-05-29,0.015881562082452866,0.0072778164551887455,-0.0005287701076953644
2020-06-01,0.0029533098578008177,0.014974419821269482,0.06586000253683885
2020-06-02,0.025012087455155818,0.004000091075331147,-0.04274397700937342
2020-06-03,0.013700142566349327,-0.004102066776892244,0.03344020785174919
2020-06-04,-0.023792297611487045,-0.013250581115001749,0.01720766286670519
2020-06-05,0.025354520104470535,0.01750297293646823,-0.01848022492157242
2020-06-08,-0.0024116884646111225,0.0060652978554813115,-0.0018598792355236872
2020-06-09,0.0018652657644388504,0.026573052618837693,-0.010561441423441688
2020-06-10,0.01415294846821058,0.008571774613674999,0.007750304911590212
2020-06-11,-0.05796934364134218,-0.03946651299600403,-0.06708497220363999
2020-06-12,0.005376508635714816,0.004073439852971816,0.031025551030488253
2020-06-15,0.02514405005538678,0.011209291404653321,-0.0011998053648530238
2020-06-16,0.02398298577444158,0.020166812160431702,0.007934182413359902
2020-06-17,0.009301029037515507,0.0073900647547185064,0.009219024987944337
2020-06-18,0.0112386982800603,-0.0001797740396342507,-0.008502228234236565
2020-06-19,-0.01300266816953291,0.0030896611531090025,-0.02018668495222038
2020-06-22,0.03280168897258634,0.018681636783862386,0.03965213547969185
2020-06-23,0.010719151780483216,0.011365250379124482,0.00016810387873218436
2020-06-24,-0.03434564698906695,-0.02027044292791529,-0.024742252123292112
2020-06-25,0.0227075231660106,0.010487945136016787,-0.008027565593798625
2020-06-26,-0.016854803498770915,-0.04810806503183412,-0.008971088829707718
2020-06-29,0.0009776694598904456,0.015432773876127405,0.013262544462182668
2020-06-30,0.015427969902181315,0.018869679214013946,-0.005846244118367672
2020-07-01,0.03690039667997469,0.034881728897192786,0.04121688647478896
2020-07-02,-0.002400029052890551,-0.0024581166092423334,-0.007344552292332818
2020-07-06,0.016273932908759198,0.033944945367722745,0.07101457192820014
2020-07-07,0.006506498073513195,-0.005498242056759528,0.052101720431349155
2020-07-08,0.02271971368228415,0.018106678612160556,0.14734990682718424
2020-07-09,-0.013486150484630616,0.011976422720033098,-0.032594823160607446
2020-07-10,-0.007954162169093254,0.02104486522769209,-0.05269708077525777
2020-07-13,-0.03700273080326047,-0.023914243503152365,-0.035060432169203765
2020-07-14,0.019441804056188394,0.0038012195139553785,0.019894755714511405
2020-07-15,0.011469189050186152,-0.004339875759982514,-0.020085595072356566
2020-07-16,-0.016687205691019363,-0.0012627481863368038,-0.023754150085595362
2020-07-17,0.013656079774015673,-0.01508009641171475,-0.0019672060323290947
2020-07-20,0.03340282789943033,0.03294250667804852,-0.022926920077655757
2020-07-21,-0.012947675356555471,-0.014923245591451905,0.0325022654937202
2020-07-22,0.015832850428876943,-0.0026497874273027078,0.023664453090912477
2020-07-23,-0.02267901295552116,-0.0332129664534355,0.010657075902663248
2020-07-24,-0.01038560841047556,-0.0007891230867365097,-0.00820944367703831
2020-07-27,0.020487879930815522,0.019145403572318864,0.03267847883863633
2020-07-28,-0.008521324322073809,-0.01589906569657056,0.022432746146295444
2020-07-29,0.026070467997696967,0.009799378091946776,-0.009090274811269538
2020-07-30,0.006092815692722242,0.007196756218673484,0.019271574980336492
2020-07-31,0.001097294322156911,0.03966450226929135,0.01225694131809201
2020-08-03,0.014313208933351418,0.003115605967540702,0.027273062933797877
2020-08-04,0.007672569414751029,0.004731671009699934,0.014815268112425152
2020-08-05,0.040215847195165466,0.0023252837675644235,0.019111119473076556
2020-08-06,0.019613680493086594,0.027359127131263383,0.0026605022727763665
2020-08-07,-0.022490833953135503,-0.012709417924403499,-0.025947607017128352
2020-08-10,-0.023252894070518393,-0.0071394743729016556,0.010179825778823415
2020-08-11,-0.002062573376117649,-0.024500811239852704,-0.04408648534583892
2020-08-12,0.004557573307859553,0.022062459362619437,0.01604346619197972
2020-08-14,-0.005002134227462818,0.0063777938095809904,-0.0012412544628101151
2020-08-17,0.03168235165146971,0.0028956073098483693,0.02138568799903262
2020-08-18,-0.00511568774013843,0.020020189638130462,-0.020752125570179292
2020-08-19,-0.00023398583701589315,-0.006996136410971277,-0.03975019006280793
2020-08-20,0.024698422975119705,0.020951304900251922,0.018263037221883226
2020-08-21,-0.003620372653614312,0.005880504519095366,-0.047649034894248016
2020-08-24,0.005104063640525847,0.007031790380501612,0.020623953289229523
2020-08-25,0.013683039705477129,0.01076530451319615,-0.05502450266569532
2020-08-26,0.005319028118836527,0.05287764499210863,0.006117880310771406
2020-08-27,0.008463180797358305,-0.021409414108113544,-0.0335683141947057
2020-08-28,0.012987728456552383,0.0003197341107475494,0.024505295635508743
2020-08-31,-0.0045483900076477846,-0.14600588705079798,0.0015848597861482406
2020-09-01,0.018245754239602174,0.027537645082095618,0.03667896448639616
2020-09-02,0.002498633995587446,0.008026178451956346,-0.06385371364459336
2020-09-03,-0.042380829242911866,-0.05245348602221089,-0.13489547442657443
2020-09-04,-0.03824342277789092,-0.02009899007063949,0.03836654361192879
2020-09-08,-0.029075697828938263,-0.04105659825918269,-0.027773980421232095
2020-09-09,0.032634930653348326,0.01741199150802706,0.019199457584798196
2020-09-10,-0.019524038607426936,-0.0264107953777021,0.02549804076950664
2020-09-11,-0.016989021891134576,-0.0080850503317079,0.0055673093687333315
2020-09-14,0.028012391461371855,0.0014681352620553596,0.02351986914859725
2020-09-15,0.01742497962731937,0.020107363313602234,-0.011951745034953975
2020-09-16,-0.010729633141775191,-0.025414736434765862,-0.0023299949302312277
2020-09-17,-0.01761234079321733,-0.022881839772062686,0.02077795488501206
2020-09-18,-0.007150384350167821,-0.017665509201852326,-0.013083763144975658
2020-09-21,0.008679030923238795,0.008566573450377968,-0.07100174585893074
2020-09-22,0.02343867159333307,0.025247101539956594,0.013621834062312078
2020-09-23,-0.03216645139380345,-0.03626640727492603,-0.0452082068846249
2020-09-24,0.008201946660567005,0.0065092779737680575,0.05789652259592528
2020-09-25,0.02088031896987136,0.023141356510563017,0.04423525231759598
2020-09-28,0.02009854901225261,0.01786165850865693,-0.009886225729883092
2020-09-29,0.006432959502003566,0.002284101510166137,0.010593382271782482
2020-09-30,0.0012707620771189587,0.005362210375086396,-0.0028117164410341954
2020-10-01,0.01785518452287263,0.02474013355735472,-0.014501891596516648
2020-10-02,-0.010195846068514619,-0.031209042279188505,-0.023349533146077794
2020-10-05,0.028720434552919782,0.025295642275979538,0.0023048350935825916
2020-10-06,-0.02259642770667361,-0.026787593899229134,-0.022336510115599496
2020-10-07,0.018298863611288185,0.02162750670301481,0.00562741494423038
2020-10-08,0.004416962049476503,0.006581163592736772,0.01730109385668648
2020-10-09,0.02041611426397788,0.016559341088215173,0.030179960543821195
2020-10-12,0.0018779365147212623,0.03796456834707165,0.01631043909521337
2020-10-13,0.007884553638934727,0.0004060373851042527,-0.013775782921365944
2020-10-14,-0.013583742221625006,-0.012420559594007076,-0.003914399685370107
2020-10-15,-0.005362880150020732,-0.006824085046041284,-0.0059579837583165545
2020-10-16,0.00021163750298328066,-0.016786596857617877,-0.01954487103931999
2020-10-19,-0.014344674405097568,-0.010012197135170564,0.010082515494407618
2020-10-20,0.0012970858947563835,0.008385433546463594,-0.017589697229055058
2020-10-21,0.005707068522235514,-0.004136842620134763,0.06266560707368707
2020-10-22,-0.014004758948895135,-0.0014616223488615578,0.027968221062641564
2020-10-23,-0.0027616170590868683,0.00957621557540369,-0.003999789017724198
2020-10-26,-0.03183948000044137,-0.011042261790381926,-0.016139609327146535
2020-10-27,0.0011172503697857161,0.014121552923878468,0.016677841867458198
2020-10-28,-0.047562486702225654,-0.04031205558512831,-0.033368873086288955
2020-10-29,0.013856150596750827,0.031890715420895034,-0.010611038267521522
2020-10-30,-0.04077300604264922,-0.0357437053555693,-0.006642919393705561
2020-11-02,0.007321793720820313,0.0003116781574960647,-0.033094808004476
2020-11-03,0.0029750207551153263,0.01226962781385832,0.011877991552346234
2020-11-04,0.05886939973345329,0.05454586817745698,0.0172458891954002
2020-11-05,0.03179405991432921,0.025589566508503393,0.051738315457492724
2020-11-06,0.02895005295911887,-0.001989116544122349,0.07053636375427297
2020-11-09,0.002591224607338849,-0.041350423459483365,-0.017047402477308914
2020-11-10,-0.024730428524286002,-0.010217571569955508,0.00534407032305102
2020-11-11,0.02627117700436052,0.021010622313444884,0.017094354467908614
2020-11-12,-0.01882116097937947,-0.005162305618079355,0.007345442215838082
2020-11-13,0.0033481276062810317,0.0057721540826958465,0.029912985188236485
2020-11-16,0.011891152194053844,-0.0025488870956818844,0.0660819693118548
2020-11-17,0.010829202961739254,-0.0017644663484299937,0.04053659685529505
2020-11-18,-0.009777198550925709,-0.00833975751109304,-0.011920209880313438
2020-11-19,0.00734655797211739,0.0056592759824425805,0.017682006325304457
2020-11-20,-0.004370762483633245,-0.00672935129795762,0.05577822735016832
2020-11-23,0.037863729077521724,-0.012588589850736699,0.06454514359733343
2020-11-24,0.01017519543548745,0.016461053138698657,0.0541296188771466
2020-11-25,0.023144740390897395,0.005947284911127149,-0.06746294723678228
2020-11-27,-0.005073936480912533,0.008510638899369916,-0.0003768351088500934
2020-11-30,-0.0012321922863519907,-0.001400861675862086,0.062147737725751946
2020-12-01,-0.004472263179280678,0.02591217149885048,-0.05229005710730104
2020-12-02,-0.005789118509727742,0.003330624671189986,0.021677081993300318
2020-12-03,0.00048347477676174977,-0.00773238266540981,0.01951488647297928
2020-12-04,0.019204545992108746,-0.0038092328410132665,-0.07042004634900967
2020-12-07,0.0029971015750911434,0.012778556090208682,-0.013448896254282807
2020-12-08,-0.0008721896438994292,-0.0016176280047587312,-0.06490772606828125
2020-12-09,-0.021371560454667565,-0.024109697658903854,0.019924645851551005
2020-12-10,0.012051179817831131,0.003918122407342373,-0.026314968394785133
2020-12-11,-0.006472105423314334,-0.0009306092688093016,-0.019793458184110314
2020-12-14,0.010858303105611505,0.006639287731865573,0.004426816821551882
2020-12-15,0.009207886065388526,0.012083605156359579,-0.005641325388041185
2020-12-16,0.01590550858688411,0.0059795989195446046,0.09372845740049551
2020-12-17,0.017203952856764626,0.0015793107304019616,0.04719164566668312
2020-12-18,0.008246024897260507,-0.006152604251182314,0.032051861612729216
2020-12-21,-0.007393319985695895,0.00030189934335735937,-0.035996809411152485
2020-12-22,0.009613283097710701,-0.0008025780260370709,0.012250577660108307
2020-12-23,-0.018775000535005554,-0.006006272964656456,-0.08725729437980152
2020-12-24,0.006162942816107048,0.0007038752939789505,0.09975614239889459
2020-12-28,0.002556928016135579,0.028042850777750865,0.05498575478488284
2020-12-29,-0.011889126903448538,0.0021745800268735405,0.013679189167540361
2020-12-30,0.019791013055758477,-0.01224300329999868,0.015149547159763398
2020-12-31,-1.6259632422604975e-05,0.005331736532154952,-0.010794331295114113
2021-01-04,-0.0025663884329564235,-0.021687901595344505,0.02082377478970996
2021-01-05,0.006111503300592597,0.006657017722220093,0.06201680118206468
2021-01-06,-0.013590897725981765,-0.02708859747018668,0.11723446946238589
2021-01-07,0.02562989700230489,0.021754904115945897,-0.015429221897931278
2021-01-08,0.014592163798296809,0.005489538170689068,0.01720394431286738
2021-01-11,-0.02835301816419819,-0.025865576570458827,-0.11915484934554786
2021-01-12,-0.006344877688532785,-0.008576547833225145,-0.03640764562347389
2021-01-13,0.014597308694317024,0.013301597826569768,0.09130500886006968
2021-01-14,-0.023763521400579163,-0.014821663805724404,0.047933144265379826
2021-01-15,-0.01119461554928225,-0.001225990150604339,-0.0356836471861245
2021-01-19,0.009633866553809878,0.01815207682533786,0.014974907793566982
2021-01-20,0.008398224491234701,0.06479705157832041,-0.004253122241419183
2021-01-21,-0.004479169768101476,0.012564593866716534,-0.14515635818599115
2021-01-22,-0.00093379941139346,-0.0012136003366219896,0.07974027784970655
2021-01-25,-0.012172701038955624,0.005665093785457165,-0.028417257224328085
2021-01-26,-0.015155903378258756,0.008638072157139432,-0.0005860856567292632
2021-01-27,-0.036665554724716026,-0.03647202081618881,-0.08278548401871666
2021-01-28,0.04059321447944164,-0.0032337882411369373,0.7819879881296761
2021-01-29,-0.020682344807124997,-0.019702945313138077,0.092774552076285
2021-02-01,0.025266021771250258,0.024465669295489656,0.03967111735917979
2021-02-02,0.02933043067137292,0.013662544399248189,0.04292339453956578
2021-02-03,0.00031306875324429995,0.005238579269452147,0.09131637831721427
2021-02-04,0.045493971776783215,0.011023564264012409,0.06263312566747418
2021-02-05,-0.000621207027687587,0.004255217233362929,0.055562153512029845
2021-02-08,0.028667902636918874,-0.0041694008106149425,0.08109436429723155
2021-02-09,-0.0030191653887247927,0.002653750003794331,0.005440504467299023
2021-02-10,-0.0010561863056049725,0.002822967303181123,0.06319471959664424
2021-02-11,0.021426565803487507,-0.005039595721136703,0.011012639487046538
2021-02-12,0.01573695121702806,0.0018413491876155374,0.01947771765483324
2021-02-16,0.005987772159507798,0.0002820664164311817,-0.00040591644999225996
2021-02-17,-0.013883189041836691,-0.002617914985991976,0.03375649706310175
2021-02-18,-0.002423277317089939,-0.005929031909330052,0.04568633624003247
2021-02-19,-0.007370975152234616,-0.014816621498723426,0.015450247023628672
2021-02-22,-0.009070578967793785,-0.016807803234941333,-0.0525923219372207
2021-02-23,-0.007382738843579512,0.010030810468678064,-0.12344620928683543
2021-02-24,0.002953762130932708,0.0007934200875140631,0.07479127704157862
2021-02-25,-0.037762412843478366,-0.029508535674258488,-0.04915797292939965
2021-02-26,0.007974463421529437,0.00196059631118295,0.01453827960920744
2021-03-01,0.035983284980350916,0.0294585524400953,0.06161532532897252
2021-03-02,0.006474311646659903,-0.013145595578038896,-0.022923271455443973
2021-03-03,-0.03402317346095032,-0.028569087728303137,0.03190479550417025
2021-03-04,-0.04337189952786352,-0.0046718738954747655,-0.03890378467737201
2021-03-05,0.010367304449453024,0.016911684396142324,0.007908990426741714
2021-03-08,-0.017442429315771113,-0.03561834731124092,0.05324415021219149
2021-03-09,0.0490944384546953,0.032289760161724426,0.026739446574383565
2021-03-10,0.009399612146624103,-0.003961354216386681,-0.02306325098912656
2021-03-11,0.03358660680570663,0.02755938970494265,0.008044416232240016
2021-03-12,-0.005918869809326904,-0.013662827704797431,-0.005366910834382878
2021-03-15,0.0071109207199423485,0.0094963342893017,-0.04123537163456359
2021-03-16,-0.006467516632851944,0.011377485263363773,0.05054107749392378
2021-03-17,0.0010746127782030601,0.00524493306648095,0.03268103719024223
2021-03-18,-0.045832473761185405,-0.031082283688040186,-0.0344571840187635
2021-03-19,-0.02019819844195825,0.013565633597727712,0.01960292126860739
2021-03-22,0.008395580940836755,0.015386448290631004,-0.052039591100623867
2021-03-23,-0.005705814702305051,0.004025540557052243,-0.0034043583838544444
2021-03-24,-0.017876954464562195,-0.01921434759972569,-0.042951877895708514
2021-03-25,-0.006754356956109958,-0.011213832378057531,-0.005018916033078957
2021-03-26,0.025382979205562095,0.00611392272261575,0.06985478111968227
2021-03-29,-0.014167691238544139,0.011881529538120095,0.03505026115916796
2021-03-30,0.0007744424972614961,-0.005888188346377477,0.010441708760790801
2021-03-31,0.02337510215743821,0.01568961055542624,0.004463331483502176
2021-04-01,0.01774014603366364,0.021474479437537577,0.04381068469095102
2021-04-05,0.009888736044898816,0.024417481842152578,0.030945474596446455
2021-04-06,0.009842174945906834,-0.0006658718198461644,0.03579561443890498
2021-04-07,0.013012991819906838,0.014134521909513075,-0.06624958895703388
2021-04-08,0.02873036453075206,0.008905412074204722,0.04273722581041511
2021-04-09,0.008561287009232199,0.010023969517549448,-0.008268150499832051
2021-04-12,0.004226429513353919,-0.005898589331116134,-0.012541260276607714
2021-04-13,0.011833293508296594,0.005896404920175913,0.12401996102991145
2021-04-14,-0.019511864365868964,-0.017214287340914923,0.08641226771973975
2021-04-15,0.02108236563283522,0.016314040924646812,0.1159221528594847
2021-04-16,-0.01063409736672824,-0.0015122436453436805,0.19721475640823727
2021-04-19,-0.015380700115813745,0.0005346894618927678,0.02575725547327428
2021-04-20,-0.009531584948815008,-0.007440937905266056,-0.014687108795234226
2021-04-21,0.009032405100187768,-0.01351772373799831,-0.02498768911435658
2021-04-22,-0.0023151338226985174,-0.01073591201361577,-0.04894397115776392
2021-04-23,0.009852203521927394,0.011302893750988098,-0.02320244809552996
2021-04-26,0.01551416810179368,0.00903789621145532,0.10297146369836355
2021-04-27,-0.004411240958254292,-0.0035459787639803733,0.036709895869286635
2021-04-28,0.011251520109948898,0.010455794548738018,0.04686601758722495
2021-04-29,-0.01038423290055085,0.018544496889893194,-0.02170525237908503
2021-04-30,-0.015209146821883207,-0.006960458921615408,0.05706707940405331
2021-05-03,-0.007653649447311478,-0.007604412000888684,0.09372021188337182
2021-05-04,-0.023957193249780878,-0.018692322286536722,0.01616131970781285
2021-05-05,-0.009647505466587658,-0.006965712420693437,0.13899425575356636
2021-05-06,0.0024847881025742147,0.01095495025460549,-0.0065091678201006685
2021-05-07,0.01229548020994442,0.002064251994174038,0.035152757875992216
2021-05-10,-0.040065837084646366,-0.031233002988686788,-0.07734611147181397
2021-05-11,0.010491807264870506,0.002221151138486821,0.05866487797042992
2021-05-12,-0.037965721715746026,-0.021846560271010906,-0.1527106394013168
2021-05-13,-0.004457028714509148,0.009193238418331619,0.11124017652517995
2021-05-14,0.025403651519051385,0.021618573185741143,0.06172889636448207
2021-05-17,-0.00858682080276768,0.0004203803052607036,-0.07406309196191457
2021-05-18,-0.00190070044416088,-0.01157252552620247,0.004548224395323498
2021-05-19,-0.004844785441601801,0.0034734249157893247,-0.2653634697157602
2021-05-20,0.01991010325060183,0.01725194415661733,0.1552592146718654
2021-05-21,-0.006389605981870494,-0.009896351863480701,-0.1216034141867279
2021-05-24,0.02580807385749856,0.018520013580402717,0.20118743364514097
2021-05-25,0.003609848528103893,0.0021097670268837463,-0.007428153114327652
2021-05-26,0.0045624704833943375,0.0021285485957475594,0.06874052879380024
2021-05-27,-0.003930091040453221,-0.0020017572909454273,-0.04810160107040853
2021-05-28,0.002322656670282891,-0.005231232566796295,-0.08309330304550107
2021-06-01,-0.003070009247495925,-0.00014810845901689352,0.0114079028200623
2021-06-02,0.009435048918447875,0.0014943041502788247,0.04593586370239602
2021-06-03,-0.0196881640809404,-0.013107985622456254,0.024866920892601806
2021-06-04,0.013011428753427423,0.013560023421746115,-0.06412248580344262
2021-06-07,0.0012369097492115622,0.004189027755353081,-0.07443574525343015
2021-06-08,0.0010697859318640757,0.002286343990555917,-0.005827701408253327
2021-06-09,-0.005377338299785234,-0.002120409349229102,0.05815988815933086
2021-06-10,0.01628038335387516,0.0066947115748989825,-0.039834393537542256
2021-06-11,0.006208231830687305,0.0012841593488615688,-0.02916483930898073
2021-06-14,0.01632247181089852,0.016727546570762277,0.025618434074697483
2021-06-15,-0.006186975799849309,-0.00601982415878628,-0.014170350937587362
2021-06-16,-0.01233505633082213,-0.0018899918456876108,-0.050684447113516724
2021-06-17,0.026033073238841686,0.013910476491982937,-0.0013211260160345352
2021-06-18,0.003963685437775727,-0.008049694511614459,-0.05405980626246416
2021-06-21,0.004449931825294823,0.004225082989985829,-0.20147515840859512
2021-06-22,0.01048451005379486,0.015180513325213373,0.005192360420161623
2021-06-23,0.0007432609577167071,0.0015651940620075911,0.09585583204403268
2021-06-24,0.01171605533986314,0.0005759870370172451,0.05689037914075552
2021-06-25,-0.0027326460726287694,-0.0004837560996140638,-0.08083462953547703
2021-06-28,-0.00122256592020914,0.015495745341833355,0.00922377762268618
2021-06-29,0.0035879224952540534,0.00016057841124750288,0.03654371695816284
2021-06-30,-0.010314719454286553,-0.0041832605298939285,0.0022098323308740175
2021-07-01,0.001355599213579306,0.006463537055780178,-0.04615797080568029
2021-07-02,0.006789883160111143,0.013351791918444534,0.01384895289794925
2021-07-06,0.009694012185644862,0.01568999245602567,0.01998843404640018
2021-07-07,0.0009364179934875927,0.00188357379906019,-0.016251043989703208
2021-07-08,-0.01703455352078742,-0.006740717886101356,-0.055156777952125396
2021-07-09,0.014496867043880146,0.006927684358021425,0.02626163700428439
2021-07-12,0.004979903657983814,0.0035678953966718384,-0.029147399568922188
2021-07-13,0.00673543751311706,0.0008643238221417659,-0.03088595777326491
2021-07-14,0.0055234392378730734,0.00664204831774069,0.0028073362197797995
2021-07-15,-0.005245530080237953,-0.009310477965291832,-0.04198175604509838
2021-07-16,-0.0016464899823454837,-0.012814619036889787,-0.03423366334957812
2021-07-19,-0.02528712950959683,-0.01179407563634476,-0.04513397792051608
2021-07-20,0.024520714017855494,0.011087144863482591,-0.0347642992313828
2021-07-21,0.018757384638470598,-0.001905475887471897,0.1010138124500779
2021-07-22,0.0068543090032014975,0.008158066134536734,0.014372652858873016
2021-07-23,0.01943855912062359,0.022618970063483835,0.03052046656229983
2021-07-26,-0.002188739654633287,0.006671595878695858,0.03248564386203818
2021-07-27,-0.01606733029420379,-0.011723759188322648,0.02647786649734716
2021-07-28,-0.00039973933650458426,0.0070883248610587035,0.010885451417179316
2021-07-29,-0.014206847389823807,-0.011162635448713563,0.008875015021288313
2021-07-30,-0.01804055560257309,-0.016169090719842006,0.03264081324546289
2021-08-02,0.007910120642907165,-0.003578028683592094,-0.000983642925879047
2021-08-03,-0.008259401447018255,0.003659111670197968,-0.017263329589987688
2021-08-04,-0.0012992089237245097,0.0048391837471749586,0.03971637953839303
2021-08-05,0.025555197332178925,0.008467534541179812,0.015205183111214242
2021-08-06,-0.0038966148978046844,-0.0053007072105748735,0.02606613481245428
2021-08-09,-0.0011368056883720445,0.0001870613857020143,0.0652164129567773
2021-08-10,-0.013425217178778398,-0.003810585449800153,0.020430275268272794
2021-08-11,-0.005494717077952738,-0.004139020117824299,0.029265142141367616
2021-08-12,-0.008990649509293153,0.006703219646643577,-0.017678405323395176
2021-08-13,0.0012312030461619772,0.003081196103573314,0.10703678418635447
2021-08-16,0.002185526025034079,0.0065256753259047345,-0.040693101462823796
2021-08-17,-0.009729502429947828,-0.011185213576075957,-0.05382687972547231
2021-08-18,-0.007861007256679348,-0.00994363139166401,0.02086763131416476
2021-08-19,-0.0032835731754745356,0.008031541243923536,0.0681367387546337
2021-08-20,0.005666224506028328,0.008937266334574367,0.03600451372030334
2021-08-23,0.018155566885035668,0.014737334226765554,0.02340426768035555
2021-08-24,0.0026513624766689448,0.0052860604349706415,-0.06254591503572011
2021-08-25,-0.007862974529210504,-0.0013243893752095783,0.016874184062297237
2021-08-26,-0.015025054060417459,-0.0025489485850091593,-0.057446812259414795
2021-08-27,0.014150504459154056,0.014977268160878455,0.08061856383337496
2021-08-30,0.009253345730417112,0.01811549609610248,-0.030734734700334852
2021-08-31,-0.010492074355311964,0.0018858640534825223,0.026009051441698763
2021-09-01,0.002030804568455863,0.007926063328397116,0.059882595866822146
2021-09-02,-0.015567260653117726,-0.00333991780611429,0.010117356264309941
2021-09-03,0.006960124293307807,0.00339905495687276,0.043228470762478426
2021-09-07,0.004401470156150472,0.014253852966287051,-0.14431303107300272
2021-09-08,-0.009100763689466884,-0.0044370241913544994,0.0033304318187284965
2021-09-09,-0.0033586273204906647,-0.006464979325661414,-0.0020391851659206984
2021-09-10,-0.011469499750308837,-0.010280097011747258,-0.04629027297901354
2021-09-13,-0.004781251894612815,-0.002293024488073714,-0.04194553167055675
2021-09-14,-0.0011728502245425265,-0.00588573505517489,0.025943034124232912
2021-09-15,0.0020016685576387805,0.0056585740779419025,0.03677503569596583
2021-09-16,0.008566076636117026,0.00014890796209010568,-0.018577793626442473
2021-09-17,-0.010671350115001949,-0.012783573992637654,-0.026467025219358484
2021-09-20,-0.015349535428949984,-0.022820227070179392,-0.10437644166432947
2021-09-21,-0.0011596649600551234,0.00013649599853000625,-0.04680312089852958
2021-09-22,0.019954915717588728,0.00572536294393764,0.10619330326124402
2021-09-23,0.025483233620829715,0.007265458396808766,0.019845269733950843
2021-09-24,0.0015875982485597517,0.00606360361288043,-0.055494407573394126
2021-09-27,-0.011361134497860914,-0.004356178470639205,-0.031055982070597146
2021-09-28,-0.03335979109161874,-0.027927852358453964,-0.03338776278787739
2021-09-29,-0.007463509029074333,0.002938079715211517,0.016705691008152845
2021-09-30,-0.0032137827856964507,-0.000858450244296338,0.042602711495914616
2021-10-01,0.02161399177185222,0.00932679240960732,0.08905820043874885
2021-10-04,-0.04009662409456441,-0.027272488981872955,0.009531230622508957
2021-10-05,0.01472044674509182,0.02236708871061155,0.0388330559926101
2021-10-06,0.013320834974586304,0.007808624885411054,0.024594877781908896
2021-10-07,0.018455870873372138,0.0018733892566093141,-0.008841032341246424
2021-10-08,-0.013542565375195104,0.00046945336878285727,-0.006613408382309728
